ANNO;TRIMESTRE;MODALIDAD;ID_PROVEEDOR;PROVEEDOR;OPERADOR;OMV; ABONADOS 
2011;1;POSPAGO;800153993;COMUNICACION CELULAR S A COMCEL S A;COMCEL;COMCEL;4304255
2011;1;POSPAGO;830122566;COLOMBIA TELECOMUNICACIONES S.A. ESP;MOVISTAR;MOVISTAR;2439154
2011;1;POSPAGO;830114921;COLOMBIA MOVIL S.A. E.S.P.;TIGO;TIGO;871001
2011;1;PREPAGO;800153993;COMUNICACION CELULAR S A COMCEL S A;COMCEL;COMCEL;25709973
2011;1;PREPAGO;830122566;COLOMBIA TELECOMUNICACIONES S.A. ESP;MOVISTAR;MOVISTAR;7531441
2011;1;PREPAGO;830114921;COLOMBIA MOVIL S.A. E.S.P.;TIGO;TIGO;4486225
2011;2;POSPAGO;800153993;COMUNICACION CELULAR S A COMCEL S A;COMCEL;COMCEL;4408676
2011;2;POSPAGO;830122566;COLOMBIA TELECOMUNICACIONES S.A. ESP;MOVISTAR;MOVISTAR;2529350
2011;2;POSPAGO;830114921;COLOMBIA MOVIL S.A. E.S.P.;TIGO;TIGO;902398
2011;2;PREPAGO;800153993;COMUNICACION CELULAR S A COMCEL S A;COMCEL;COMCEL;26274488
2011;2;PREPAGO;830122566;COLOMBIA TELECOMUNICACIONES S.A. ESP;MOVISTAR;MOVISTAR;7420004
2011;2;PREPAGO;830114921;COLOMBIA MOVIL S.A. E.S.P.;TIGO;TIGO;4613021
2011;2;PREPAGO;900367669;UFF MOVIL SAS;TIGO;UFF;166772
2011;3;POSPAGO;800153993;COMUNICACION CELULAR S A COMCEL S A;COMCEL;COMCEL;4577816
2011;3;POSPAGO;830122566;COLOMBIA TELECOMUNICACIONES S.A. ESP;MOVISTAR;MOVISTAR;2652439
2011;3;POSPAGO;830114921;COLOMBIA MOVIL S.A. E.S.P.;TIGO;TIGO;924505
2011;3;PREPAGO;800153993;COMUNICACION CELULAR S A COMCEL S A;COMCEL;COMCEL;26619576
2011;3;PREPAGO;830122566;COLOMBIA TELECOMUNICACIONES S.A. ESP;MOVISTAR;MOVISTAR;8047568
2011;3;PREPAGO;830114921;COLOMBIA MOVIL S.A. E.S.P.;TIGO;TIGO;4717900
2011;3;PREPAGO;900367669;UFF MOVIL SAS;TIGO;UFF;208108
2011;4;POSPAGO;800153993;COMUNICACION CELULAR S A COMCEL S A;COMCEL;COMCEL;4755101
2011;4;POSPAGO;830122566;COLOMBIA TELECOMUNICACIONES S.A. ESP;MOVISTAR;MOVISTAR;2764249
2011;4;POSPAGO;830114921;COLOMBIA MOVIL S.A. E.S.P.;TIGO;TIGO;954561
2011;4;PREPAGO;800153993;COMUNICACION CELULAR S A COMCEL S A;COMCEL;COMCEL;24063690
2011;4;PREPAGO;830122566;COLOMBIA TELECOMUNICACIONES S.A. ESP;MOVISTAR;MOVISTAR;8626823
2011;4;PREPAGO;830114921;COLOMBIA MOVIL S.A. E.S.P.;TIGO;TIGO;4787055
2011;4;PREPAGO;900367669;UFF MOVIL SAS;TIGO;UFF;248942
2012;1;POSPAGO;800153993;COMUNICACION CELULAR S A COMCEL S A;COMCEL;COMCEL;4900878
2012;1;POSPAGO;830122566;COLOMBIA TELECOMUNICACIONES S.A. ESP;MOVISTAR;MOVISTAR;2856553
2012;1;POSPAGO;830114921;COLOMBIA MOVIL S.A. E.S.P.;TIGO;TIGO;984787
2012;1;PREPAGO;800153993;COMUNICACION CELULAR S A COMCEL S A;COMCEL;COMCEL;24119116
2012;1;PREPAGO;830122566;COLOMBIA TELECOMUNICACIONES S.A. ESP;MOVISTAR;MOVISTAR;9076423
2012;1;PREPAGO;830114921;COLOMBIA MOVIL S.A. E.S.P.;TIGO;TIGO;4904500
2012;1;PREPAGO;900367669;UFF MOVIL SAS;TIGO;UFF;256918
2012;1;PREPAGO;900092385;UNE EPM TELECOMUNICACIONES S.A.;TIGO;UNE;73610
2012;2;POSPAGO;800153993;COMUNICACION CELULAR S A COMCEL S A;COMCEL;COMCEL;5040764
2012;2;POSPAGO;830122566;COLOMBIA TELECOMUNICACIONES S.A. ESP;MOVISTAR;MOVISTAR;2918559
2012;2;POSPAGO;830114921;COLOMBIA MOVIL S.A. E.S.P.;TIGO;TIGO;1011795
2012;2;PREPAGO;800153993;COMUNICACION CELULAR S A COMCEL S A;COMCEL;COMCEL;24334505
2012;2;PREPAGO;830122566;COLOMBIA TELECOMUNICACIONES S.A. ESP;MOVISTAR;MOVISTAR;9439977
2012;2;PREPAGO;830114921;COLOMBIA MOVIL S.A. E.S.P.;TIGO;TIGO;5058675
2012;2;PREPAGO;900367669;UFF MOVIL SAS;TIGO;UFF;271128
2012;2;PREPAGO;900092385;UNE EPM TELECOMUNICACIONES S.A.;TIGO;UNE;81101
2012;3;POSPAGO;800153993;COMUNICACION CELULAR S A COMCEL S A;COMCEL;COMCEL;5194566
2012;3;POSPAGO;830122566;COLOMBIA TELECOMUNICACIONES S.A. ESP;MOVISTAR;MOVISTAR;2959789
2012;3;POSPAGO;830114921;COLOMBIA MOVIL S.A. E.S.P.;TIGO;TIGO;1031730
2012;3;PREPAGO;800153993;COMUNICACION CELULAR S A COMCEL S A;COMCEL;COMCEL;24767235
2012;3;PREPAGO;830122566;COLOMBIA TELECOMUNICACIONES S.A. ESP;MOVISTAR;MOVISTAR;9045172
2012;3;PREPAGO;830114921;COLOMBIA MOVIL S.A. E.S.P.;TIGO;TIGO;5323290
2012;3;PREPAGO;900367669;UFF MOVIL SAS;TIGO;UFF;306418
2012;3;PREPAGO;900092385;UNE EPM TELECOMUNICACIONES S.A.;TIGO;UNE;71017
2012;4;POSPAGO;800153993;COMUNICACION CELULAR S A COMCEL S A;COMCEL;COMCEL;5351558
2012;4;POSPAGO;830122566;COLOMBIA TELECOMUNICACIONES S.A. ESP;MOVISTAR;MOVISTAR;3028424
2012;4;POSPAGO;830114921;COLOMBIA MOVIL S.A. E.S.P.;TIGO;TIGO;1053589
2012;4;PREPAGO;800153993;COMUNICACION CELULAR S A COMCEL S A;COMCEL;COMCEL;25019525
2012;4;PREPAGO;830122566;COLOMBIA TELECOMUNICACIONES S.A. ESP;MOVISTAR;MOVISTAR;8675208
2012;4;PREPAGO;830114921;COLOMBIA MOVIL S.A. E.S.P.;TIGO;TIGO;5560145
2012;4;PREPAGO;900367669;UFF MOVIL SAS;TIGO;UFF;328663
2012;4;PREPAGO;900092385;UNE EPM TELECOMUNICACIONES S.A.;TIGO;UNE;49247
2013;1;POSPAGO;800153993;COMUNICACION CELULAR S A COMCEL S A;COMCEL;COMCEL;5451409
2013;1;POSPAGO;830122566;COLOMBIA TELECOMUNICACIONES S.A. ESP;MOVISTAR;MOVISTAR;3069394
2013;1;POSPAGO;830114921;COLOMBIA MOVIL S.A. E.S.P.;TIGO;TIGO;1072786
2013;1;PREPAGO;800153993;COMUNICACION CELULAR S A COMCEL S A;COMCEL;COMCEL;22209459
2013;1;PREPAGO;830122566;COLOMBIA TELECOMUNICACIONES S.A. ESP;MOVISTAR;MOVISTAR;8446865
2013;1;PREPAGO;830114921;COLOMBIA MOVIL S.A. E.S.P.;TIGO;TIGO;5782365
2013;1;PREPAGO;900367669;UFF MOVIL SAS;TIGO;UFF;343645
2013;1;PREPAGO;900092385;UNE EPM TELECOMUNICACIONES S.A.;TIGO;UNE;89879
2013;1;PREPAGO;899999115;EMPRESA DE TELECOMUNICACIONES DE BOGOTÁ S.A. ESP.;TIGO;ETB;41654
2013;1;PREPAGO;900420122;VIRGIN MOBILE COLOMBIA S.A.S.;MOVISTAR;VIRGIN;5644
2013;2;POSPAGO;800153993;COMUNICACION CELULAR S A COMCEL S A;COMCEL;COMCEL;5519342
2013;2;POSPAGO;830122566;COLOMBIA TELECOMUNICACIONES S.A. ESP;MOVISTAR;MOVISTAR;3190050
2013;2;POSPAGO;830114921;COLOMBIA MOVIL S.A. E.S.P.;TIGO;TIGO;1126164
2013;2;PREPAGO;800153993;COMUNICACION CELULAR S A COMCEL S A;COMCEL;COMCEL;22285853
2013;2;PREPAGO;830122566;COLOMBIA TELECOMUNICACIONES S.A. ESP;MOVISTAR;MOVISTAR;8490093
2013;2;PREPAGO;830114921;COLOMBIA MOVIL S.A. E.S.P.;TIGO;TIGO;5897598
2013;2;PREPAGO;900367669;UFF MOVIL SAS;TIGO;UFF;376516
2013;2;PREPAGO;900420122;VIRGIN MOBILE COLOMBIA S.A.S.;MOVISTAR;VIRGIN;121400
2013;2;PREPAGO;830016046;AVANTEL S.A.S.;WOM;WOM;171000
2013;2;PREPAGO;900092385;UNE EPM TELECOMUNICACIONES S.A.;TIGO;UNE;91605
2013;2;PREPAGO;899999115;EMPRESA DE TELECOMUNICACIONES DE BOGOTÁ S.A. ESP.;TIGO;ETB;44065
2013;2;PREPAGO;900389508;ALMACENES EXITO INVERSIONES S.A.S.;TIGO;EXITO;0
2013;3;POSPAGO;800153993;COMUNICACION CELULAR S A COMCEL S A;COMCEL;COMCEL;5600997
2013;3;POSPAGO;830122566;COLOMBIA TELECOMUNICACIONES S.A. ESP;MOVISTAR;MOVISTAR;3263848
2013;3;POSPAGO;830114921;COLOMBIA MOVIL S.A. E.S.P.;TIGO;TIGO;1179588
2013;3;PREPAGO;800153993;COMUNICACION CELULAR S A COMCEL S A;COMCEL;COMCEL;22762739
2013;3;PREPAGO;830122566;COLOMBIA TELECOMUNICACIONES S.A. ESP;MOVISTAR;MOVISTAR;8369640
2013;3;PREPAGO;830114921;COLOMBIA MOVIL S.A. E.S.P.;TIGO;TIGO;6112643
2013;3;PREPAGO;900367669;UFF MOVIL SAS;TIGO;UFF;390576
2013;3;PREPAGO;900420122;VIRGIN MOBILE COLOMBIA S.A.S.;MOVISTAR;VIRGIN;314228
2013;3;PREPAGO;830016046;AVANTEL S.A.S.;WOM;WOM;181734
2013;3;PREPAGO;900092385;UNE EPM TELECOMUNICACIONES S.A.;TIGO;UNE;313945
2013;3;PREPAGO;899999115;EMPRESA DE TELECOMUNICACIONES DE BOGOTÁ S.A. ESP.;TIGO;ETB;44925
2013;3;PREPAGO;900389508;ALMACENES EXITO INVERSIONES S.A.S.;TIGO;EXITO;103146
2013;4;POSPAGO;800153993;COMUNICACION CELULAR S A COMCEL S A;COMCEL;COMCEL;5714572
2013;4;POSPAGO;830122566;COLOMBIA TELECOMUNICACIONES S.A. ESP;MOVISTAR;MOVISTAR;3303208
2013;4;POSPAGO;830114921;COLOMBIA MOVIL S.A. E.S.P.;TIGO;TIGO;1253297
2013;4;POSPAGO;900092385;UNE EPM TELECOMUNICACIONES S.A.;TIGO;UNE;322443
2013;4;POSPAGO;830016046;AVANTEL S.A.S.;WOM;WOM;158754
2013;4;PREPAGO;800153993;COMUNICACION CELULAR S A COMCEL S A;COMCEL;COMCEL;23262727
2013;4;PREPAGO;830122566;COLOMBIA TELECOMUNICACIONES S.A. ESP;MOVISTAR;MOVISTAR;8818526
2013;4;PREPAGO;830114921;COLOMBIA MOVIL S.A. E.S.P.;TIGO;TIGO;6386940
2013;4;PREPAGO;900367669;UFF MOVIL SAS;TIGO;UFF;402350
2013;4;PREPAGO;900420122;VIRGIN MOBILE COLOMBIA S.A.S.;MOVISTAR;VIRGIN;440667
2013;4;PREPAGO;830016046;AVANTEL S.A.S.;WOM;WOM;34543
2013;4;PREPAGO;900092385;UNE EPM TELECOMUNICACIONES S.A.;TIGO;UNE;3678
2013;4;PREPAGO;899999115;EMPRESA DE TELECOMUNICACIONES DE BOGOTÁ S.A. ESP.;TIGO;ETB;46814
2013;4;PREPAGO;900389508;ALMACENES EXITO INVERSIONES S.A.S.;TIGO;EXITO;146595
2014;1;POSPAGO;800153993;COMUNICACION CELULAR S A COMCEL S A;COMCEL;COMCEL;5804166
2014;1;POSPAGO;830122566;COLOMBIA TELECOMUNICACIONES S.A. ESP;MOVISTAR;MOVISTAR;3287289
2014;1;POSPAGO;830114921;COLOMBIA MOVIL S.A. E.S.P.;TIGO;TIGO;1324528
2014;1;POSPAGO;900092385;UNE EPM TELECOMUNICACIONES S.A.;TIGO;UNE;249016
2014;1;POSPAGO;830016046;AVANTEL S.A.S.;WOM;WOM;166594
2014;1;PREPAGO;800153993;COMUNICACION CELULAR S A COMCEL S A;COMCEL;COMCEL;23405593
2014;1;PREPAGO;830122566;COLOMBIA TELECOMUNICACIONES S.A. ESP;MOVISTAR;MOVISTAR;9078989
2014;1;PREPAGO;830114921;COLOMBIA MOVIL S.A. E.S.P.;TIGO;TIGO;6632229
2014;1;PREPAGO;900367669;UFF MOVIL SAS;TIGO;UFF;409271
2014;1;PREPAGO;900420122;VIRGIN MOBILE COLOMBIA S.A.S.;MOVISTAR;VIRGIN;856474
2014;1;PREPAGO;830016046;AVANTEL S.A.S.;WOM;WOM;36816
2014;1;PREPAGO;900092385;UNE EPM TELECOMUNICACIONES S.A.;TIGO;UNE;101366
2014;1;PREPAGO;899999115;EMPRESA DE TELECOMUNICACIONES DE BOGOTÁ S.A. ESP.;TIGO;ETB;47037
2014;1;PREPAGO;900389508;ALMACENES EXITO INVERSIONES S.A.S.;TIGO;EXITO;195251
2014;2;POSPAGO;800153993;COMUNICACION CELULAR S A COMCEL S A;COMCEL;COMCEL;5832799
2014;2;POSPAGO;830122566;COLOMBIA TELECOMUNICACIONES S.A. ESP;MOVISTAR;MOVISTAR;3299475
2014;2;POSPAGO;830114921;COLOMBIA MOVIL S.A. E.S.P.;TIGO;TIGO;1375862
2014;2;POSPAGO;900092385;UNE EPM TELECOMUNICACIONES S.A.;TIGO;UNE;260656
2014;2;POSPAGO;830016046;AVANTEL S.A.S.;WOM;WOM;166966
2014;2;PREPAGO;800153993;COMUNICACION CELULAR S A COMCEL S A;COMCEL;COMCEL;23276224
2014;2;PREPAGO;830122566;COLOMBIA TELECOMUNICACIONES S.A. ESP;MOVISTAR;MOVISTAR;8982442
2014;2;PREPAGO;830114921;COLOMBIA MOVIL S.A. E.S.P.;TIGO;TIGO;6944223
2014;2;PREPAGO;900367669;UFF MOVIL SAS;TIGO;UFF;416309
2014;2;PREPAGO;900420122;VIRGIN MOBILE COLOMBIA S.A.S.;MOVISTAR;VIRGIN;1235298
2014;2;PREPAGO;830016046;AVANTEL S.A.S.;WOM;WOM;39057
2014;2;PREPAGO;900092385;UNE EPM TELECOMUNICACIONES S.A.;TIGO;UNE;104444
2014;2;PREPAGO;899999115;EMPRESA DE TELECOMUNICACIONES DE BOGOTÁ S.A. ESP.;TIGO;ETB;34684
2014;2;PREPAGO;900389508;ALMACENES EXITO INVERSIONES S.A.S.;TIGO;EXITO;225573
2014;3;POSPAGO;800153993;COMUNICACION CELULAR S A COMCEL S A;COMCEL;COMCEL;5815472
2014;3;POSPAGO;830122566;COLOMBIA TELECOMUNICACIONES S.A. ESP;MOVISTAR;MOVISTAR;3268298
2014;3;POSPAGO;830114921;COLOMBIA MOVIL S.A. E.S.P.;TIGO;TIGO;1413261
2014;3;POSPAGO;900092385;UNE EPM TELECOMUNICACIONES S.A.;TIGO;UNE;271111
2014;3;POSPAGO;830016046;AVANTEL S.A.S.;WOM;WOM;173410
2014;3;POSPAGO;899999115;EMPRESA DE TELECOMUNICACIONES DE BOGOTÁ S.A. ESP.;TIGO;ETB;0
2014;3;PREPAGO;800153993;COMUNICACION CELULAR S A COMCEL S A;COMCEL;COMCEL;23475343
2014;3;PREPAGO;830122566;COLOMBIA TELECOMUNICACIONES S.A. ESP;MOVISTAR;MOVISTAR;9313255
2014;3;PREPAGO;830114921;COLOMBIA MOVIL S.A. E.S.P.;TIGO;TIGO;7278910
2014;3;PREPAGO;900367669;UFF MOVIL SAS;TIGO;UFF;415300
2014;3;PREPAGO;900420122;VIRGIN MOBILE COLOMBIA S.A.S.;MOVISTAR;VIRGIN;1704763
2014;3;PREPAGO;830016046;AVANTEL S.A.S.;WOM;WOM;71819
2014;3;PREPAGO;900092385;UNE EPM TELECOMUNICACIONES S.A.;TIGO;UNE;108904
2014;3;PREPAGO;899999115;EMPRESA DE TELECOMUNICACIONES DE BOGOTÁ S.A. ESP.;TIGO;ETB;0
2014;3;PREPAGO;900389508;ALMACENES EXITO INVERSIONES S.A.S.;TIGO;EXITO;273818
2014;4;POSPAGO;800153993;COMUNICACION CELULAR S A COMCEL S A;COMCEL;COMCEL;5861323
2014;4;POSPAGO;830122566;COLOMBIA TELECOMUNICACIONES S.A. ESP;MOVISTAR;MOVISTAR;3259884
2014;4;POSPAGO;830114921;COLOMBIA MOVIL S.A. E.S.P.;TIGO;TIGO;1456460
2014;4;POSPAGO;900092385;UNE EPM TELECOMUNICACIONES S.A.;TIGO;UNE;270937
2014;4;POSPAGO;830016046;AVANTEL S.A.S.;WOM;WOM;179548
2014;4;POSPAGO;899999115;EMPRESA DE TELECOMUNICACIONES DE BOGOTÁ S.A. ESP.;TIGO;ETB;15381
2014;4;PREPAGO;800153993;COMUNICACION CELULAR S A COMCEL S A;COMCEL;COMCEL;23914416
2014;4;PREPAGO;830122566;COLOMBIA TELECOMUNICACIONES S.A. ESP;MOVISTAR;MOVISTAR;9582614
2014;4;PREPAGO;830114921;COLOMBIA MOVIL S.A. E.S.P.;TIGO;TIGO;7695423
2014;4;PREPAGO;900367669;UFF MOVIL SAS;TIGO;UFF;529834
2014;4;PREPAGO;900420122;VIRGIN MOBILE COLOMBIA S.A.S.;MOVISTAR;VIRGIN;1990965
2014;4;PREPAGO;830016046;AVANTEL S.A.S.;WOM;WOM;88307
2014;4;PREPAGO;900092385;UNE EPM TELECOMUNICACIONES S.A.;TIGO;UNE;117058
2014;4;PREPAGO;899999115;EMPRESA DE TELECOMUNICACIONES DE BOGOTÁ S.A. ESP.;TIGO;ETB;5789
2014;4;PREPAGO;900389508;ALMACENES EXITO INVERSIONES S.A.S.;TIGO;EXITO;362788
2015;1;POSPAGO;800153993;COMUNICACION CELULAR S A COMCEL S A;COMCEL;COMCEL;5839969
2015;1;POSPAGO;830122566;COLOMBIA TELECOMUNICACIONES S.A. ESP;MOVISTAR;MOVISTAR;3251694
2015;1;POSPAGO;830114921;COLOMBIA MOVIL S.A. E.S.P.;TIGO;TIGO;1478754
2015;1;POSPAGO;900092385;UNE EPM TELECOMUNICACIONES S.A.;TIGO;UNE;240902
2015;1;POSPAGO;830016046;AVANTEL S.A.S.;WOM;WOM;217960
2015;1;POSPAGO;899999115;EMPRESA DE TELECOMUNICACIONES DE BOGOTÁ S.A. ESP.;TIGO;ETB;37395
2015;1;PREPAGO;800153993;COMUNICACION CELULAR S A COMCEL S A;COMCEL;COMCEL;23993649
2015;1;PREPAGO;830122566;COLOMBIA TELECOMUNICACIONES S.A. ESP;MOVISTAR;MOVISTAR;9633221
2015;1;PREPAGO;830114921;COLOMBIA MOVIL S.A. E.S.P.;TIGO;TIGO;8214319
2015;1;PREPAGO;900367669;UFF MOVIL SAS;TIGO;UFF;457365
2015;1;PREPAGO;900420122;VIRGIN MOBILE COLOMBIA S.A.S.;MOVISTAR;VIRGIN;2118363
2015;1;PREPAGO;830016046;AVANTEL S.A.S.;WOM;WOM;94986
2015;1;PREPAGO;900092385;UNE EPM TELECOMUNICACIONES S.A.;TIGO;UNE;117225
2015;1;PREPAGO;899999115;EMPRESA DE TELECOMUNICACIONES DE BOGOTÁ S.A. ESP.;TIGO;ETB;33475
2015;1;PREPAGO;900389508;ALMACENES EXITO INVERSIONES S.A.S.;TIGO;EXITO;410615
2015;2;POSPAGO;800153993;COMUNICACION CELULAR S A COMCEL S A;COMCEL;COMCEL;5811329
2015;2;POSPAGO;830122566;COLOMBIA TELECOMUNICACIONES S.A. ESP;MOVISTAR;MOVISTAR;3254694
2015;2;POSPAGO;830114921;COLOMBIA MOVIL S.A. E.S.P.;TIGO;TIGO;1466214
2015;2;POSPAGO;900092385;UNE EPM TELECOMUNICACIONES S.A.;TIGO;UNE;223243
2015;2;POSPAGO;830016046;AVANTEL S.A.S.;WOM;WOM;277097
2015;2;POSPAGO;899999115;EMPRESA DE TELECOMUNICACIONES DE BOGOTÁ S.A. ESP.;TIGO;ETB;74001
2015;2;PREPAGO;800153993;COMUNICACION CELULAR S A COMCEL S A;COMCEL;COMCEL;23558776
2015;2;PREPAGO;830122566;COLOMBIA TELECOMUNICACIONES S.A. ESP;MOVISTAR;MOVISTAR;9158571
2015;2;PREPAGO;830114921;COLOMBIA MOVIL S.A. E.S.P.;TIGO;TIGO;8658535
2015;2;PREPAGO;900367669;UFF MOVIL SAS;TIGO;UFF;400901
2015;2;PREPAGO;900420122;VIRGIN MOBILE COLOMBIA S.A.S.;MOVISTAR;VIRGIN;2258306
2015;2;PREPAGO;830016046;AVANTEL S.A.S.;WOM;WOM;156474
2015;2;PREPAGO;900092385;UNE EPM TELECOMUNICACIONES S.A.;TIGO;UNE;117084
2015;2;PREPAGO;899999115;EMPRESA DE TELECOMUNICACIONES DE BOGOTÁ S.A. ESP.;TIGO;ETB;88336
2015;2;PREPAGO;900389508;ALMACENES EXITO INVERSIONES S.A.S.;TIGO;EXITO;478895
2015;3;POSPAGO;800153993;COMUNICACION CELULAR S A COMCEL S A;COMCEL;COMCEL;5827131
2015;3;POSPAGO;830122566;COLOMBIA TELECOMUNICACIONES S.A. ESP;MOVISTAR;MOVISTAR;3313709
2015;3;POSPAGO;830114921;COLOMBIA MOVIL S.A. E.S.P.;TIGO;TIGO;1478644
2015;3;POSPAGO;900092385;UNE EPM TELECOMUNICACIONES S.A.;TIGO;UNE;206308
2015;3;POSPAGO;830016046;AVANTEL S.A.S.;WOM;WOM;310911
2015;3;POSPAGO;899999115;EMPRESA DE TELECOMUNICACIONES DE BOGOTÁ S.A. ESP.;TIGO;ETB;135295
2015;3;PREPAGO;800153993;COMUNICACION CELULAR S A COMCEL S A;COMCEL;COMCEL;23103921
2015;3;PREPAGO;830122566;COLOMBIA TELECOMUNICACIONES S.A. ESP;MOVISTAR;MOVISTAR;9341847
2015;3;PREPAGO;830114921;COLOMBIA MOVIL S.A. E.S.P.;TIGO;TIGO;8933957
2015;3;PREPAGO;900367669;UFF MOVIL SAS;TIGO;UFF;285164
2015;3;PREPAGO;900420122;VIRGIN MOBILE COLOMBIA S.A.S.;MOVISTAR;VIRGIN;2254035
2015;3;PREPAGO;830016046;AVANTEL S.A.S.;WOM;WOM;239049
2015;3;PREPAGO;900092385;UNE EPM TELECOMUNICACIONES S.A.;TIGO;UNE;117046
2015;3;PREPAGO;899999115;EMPRESA DE TELECOMUNICACIONES DE BOGOTÁ S.A. ESP.;TIGO;ETB;138430
2015;3;PREPAGO;900389508;ALMACENES EXITO INVERSIONES S.A.S.;TIGO;EXITO;573124
2015;4;POSPAGO;800153993;COMUNICACION CELULAR S A COMCEL S A;COMCEL;COMCEL;5869203
2015;4;POSPAGO;830122566;COLOMBIA TELECOMUNICACIONES S.A. ESP;MOVISTAR;MOVISTAR;3385539
2015;4;POSPAGO;830114921;COLOMBIA MOVIL S.A. E.S.P.;TIGO;TIGO;1491435
2015;4;POSPAGO;900092385;UNE EPM TELECOMUNICACIONES S.A.;TIGO;UNE;184298
2015;4;POSPAGO;830016046;AVANTEL S.A.S.;WOM;WOM;325807
2015;4;POSPAGO;899999115;EMPRESA DE TELECOMUNICACIONES DE BOGOTÁ S.A. ESP.;TIGO;ETB;192457
2015;4;PREPAGO;800153993;COMUNICACION CELULAR S A COMCEL S A;COMCEL;COMCEL;23103921
2015;4;PREPAGO;830122566;COLOMBIA TELECOMUNICACIONES S.A. ESP;MOVISTAR;MOVISTAR;9510905
2015;4;PREPAGO;830114921;COLOMBIA MOVIL S.A. E.S.P.;TIGO;TIGO;9422603
2015;4;PREPAGO;900367669;UFF MOVIL SAS;TIGO;UFF;190413
2015;4;PREPAGO;900420122;VIRGIN MOBILE COLOMBIA S.A.S.;MOVISTAR;VIRGIN;2257434
2015;4;PREPAGO;830016046;AVANTEL S.A.S.;WOM;WOM;371110
2015;4;PREPAGO;900092385;UNE EPM TELECOMUNICACIONES S.A.;TIGO;UNE;116931
2015;4;PREPAGO;899999115;EMPRESA DE TELECOMUNICACIONES DE BOGOTÁ S.A. ESP.;TIGO;ETB;197714
2015;4;PREPAGO;900389508;ALMACENES EXITO INVERSIONES S.A.S.;TIGO;EXITO;707700
2016;1;POSPAGO;800153993;COMUNICACION CELULAR S A COMCEL S A;COMCEL;COMCEL;5938432
2016;1;POSPAGO;830122566;COLOMBIA TELECOMUNICACIONES S.A. ESP;MOVISTAR;MOVISTAR;3432238
2016;1;POSPAGO;830114921;COLOMBIA MOVIL S.A. E.S.P.;TIGO;TIGO;1418918
2016;1;POSPAGO;900092385;UNE EPM TELECOMUNICACIONES S.A.;TIGO;UNE;149241
2016;1;POSPAGO;830016046;AVANTEL S.A.S.;WOM;WOM;339292
2016;1;POSPAGO;899999115;EMPRESA DE TELECOMUNICACIONES DE BOGOTÁ S.A. ESP.;TIGO;ETB;203800
2016;1;PREPAGO;800153993;COMUNICACION CELULAR S A COMCEL S A;COMCEL;COMCEL;22401429
2016;1;PREPAGO;830122566;COLOMBIA TELECOMUNICACIONES S.A. ESP;MOVISTAR;MOVISTAR;9625081
2016;1;PREPAGO;830114921;COLOMBIA MOVIL S.A. E.S.P.;TIGO;TIGO;9620115
2016;1;PREPAGO;900367669;UFF MOVIL SAS;TIGO;UFF;140208
2016;1;PREPAGO;900420122;VIRGIN MOBILE COLOMBIA S.A.S.;MOVISTAR;VIRGIN;2410223
2016;1;PREPAGO;830016046;AVANTEL S.A.S.;WOM;WOM;454490
2016;1;PREPAGO;900092385;UNE EPM TELECOMUNICACIONES S.A.;TIGO;UNE;116869
2016;1;PREPAGO;899999115;EMPRESA DE TELECOMUNICACIONES DE BOGOTÁ S.A. ESP.;TIGO;ETB;214470
2016;1;PREPAGO;900389508;ALMACENES EXITO INVERSIONES S.A.S.;TIGO;EXITO;827815
2016;2;POSPAGO;800153993;COMUNICACION CELULAR S A COMCEL S A;COMCEL;COMCEL;6082968
2016;2;POSPAGO;830122566;COLOMBIA TELECOMUNICACIONES S.A. ESP;MOVISTAR;MOVISTAR;3506690
2016;2;POSPAGO;830114921;COLOMBIA MOVIL S.A. E.S.P.;TIGO;TIGO;1373826
2016;2;POSPAGO;900092385;UNE EPM TELECOMUNICACIONES S.A.;TIGO;UNE;129857
2016;2;POSPAGO;830016046;AVANTEL S.A.S.;WOM;WOM;365297
2016;2;POSPAGO;899999115;EMPRESA DE TELECOMUNICACIONES DE BOGOTÁ S.A. ESP.;TIGO;ETB;232506
2016;2;PREPAGO;800153993;COMUNICACION CELULAR S A COMCEL S A;COMCEL;COMCEL;22176568
2016;2;PREPAGO;830122566;COLOMBIA TELECOMUNICACIONES S.A. ESP;MOVISTAR;MOVISTAR;9730236
2016;2;PREPAGO;830114921;COLOMBIA MOVIL S.A. E.S.P.;TIGO;TIGO;9954407
2016;2;PREPAGO;900367669;UFF MOVIL SAS;TIGO;UFF;99144
2016;2;PREPAGO;900420122;VIRGIN MOBILE COLOMBIA S.A.S.;MOVISTAR;VIRGIN;2352617
2016;2;PREPAGO;830016046;AVANTEL S.A.S.;WOM;WOM;611735
2016;2;PREPAGO;900092385;UNE EPM TELECOMUNICACIONES S.A.;TIGO;UNE;106073
2016;2;PREPAGO;899999115;EMPRESA DE TELECOMUNICACIONES DE BOGOTÁ S.A. ESP.;TIGO;ETB;258305
2016;2;PREPAGO;900389508;ALMACENES EXITO INVERSIONES S.A.S.;TIGO;EXITO;947183
2016;3;POSPAGO;800153993;COMUNICACION CELULAR S A COMCEL S A;COMCEL;COMCEL;6223746
2016;3;POSPAGO;830122566;COLOMBIA TELECOMUNICACIONES S.A. ESP;MOVISTAR;MOVISTAR;3560843
2016;3;POSPAGO;830114921;COLOMBIA MOVIL S.A. E.S.P.;TIGO;TIGO;1411884
2016;3;POSPAGO;900092385;UNE EPM TELECOMUNICACIONES S.A.;TIGO;UNE;120471
2016;3;POSPAGO;830016046;AVANTEL S.A.S.;WOM;WOM;390413
2016;3;POSPAGO;899999115;EMPRESA DE TELECOMUNICACIONES DE BOGOTÁ S.A. ESP.;TIGO;ETB;254741
2016;3;PREPAGO;800153993;COMUNICACION CELULAR S A COMCEL S A;COMCEL;COMCEL;22265090
2016;3;PREPAGO;830122566;COLOMBIA TELECOMUNICACIONES S.A. ESP;MOVISTAR;MOVISTAR;10018983
2016;3;PREPAGO;830114921;COLOMBIA MOVIL S.A. E.S.P.;TIGO;TIGO;9554176
2016;3;PREPAGO;900367669;UFF MOVIL SAS;TIGO;UFF;100834
2016;3;PREPAGO;900420122;VIRGIN MOBILE COLOMBIA S.A.S.;MOVISTAR;VIRGIN;2397611
2016;3;PREPAGO;830016046;AVANTEL S.A.S.;WOM;WOM;708350
2016;3;PREPAGO;900092385;UNE EPM TELECOMUNICACIONES S.A.;TIGO;UNE;104905
2016;3;PREPAGO;899999115;EMPRESA DE TELECOMUNICACIONES DE BOGOTÁ S.A. ESP.;TIGO;ETB;309844
2016;3;PREPAGO;900389508;ALMACENES EXITO INVERSIONES S.A.S.;TIGO;EXITO;1101859
2016;4;POSPAGO;800153993;COMUNICACION CELULAR S A COMCEL S A;COMCEL;COMCEL;6371971
2016;4;POSPAGO;830122566;COLOMBIA TELECOMUNICACIONES S.A. ESP;MOVISTAR;MOVISTAR;3588464
2016;4;POSPAGO;830114921;COLOMBIA MOVIL S.A. E.S.P.;TIGO;TIGO;1420423
2016;4;POSPAGO;900092385;UNE EPM TELECOMUNICACIONES S.A.;TIGO;UNE;91782
2016;4;POSPAGO;830016046;AVANTEL S.A.S.;WOM;WOM;372797
2016;4;POSPAGO;899999115;EMPRESA DE TELECOMUNICACIONES DE BOGOTÁ S.A. ESP.;TIGO;ETB;267295
2016;4;PREPAGO;800153993;COMUNICACION CELULAR S A COMCEL S A;COMCEL;COMCEL;22581913
2016;4;PREPAGO;830122566;COLOMBIA TELECOMUNICACIONES S.A. ESP;MOVISTAR;MOVISTAR;10136807
2016;4;PREPAGO;830114921;COLOMBIA MOVIL S.A. E.S.P.;TIGO;TIGO;8858780
2016;4;PREPAGO;900367669;UFF MOVIL SAS;TIGO;UFF;104785
2016;4;PREPAGO;900420122;VIRGIN MOBILE COLOMBIA S.A.S.;MOVISTAR;VIRGIN;2481579
2016;4;PREPAGO;830016046;AVANTEL S.A.S.;WOM;WOM;832525
2016;4;PREPAGO;900092385;UNE EPM TELECOMUNICACIONES S.A.;TIGO;UNE;0
2016;4;PREPAGO;899999115;EMPRESA DE TELECOMUNICACIONES DE BOGOTÁ S.A. ESP.;TIGO;ETB;422516
2016;4;PREPAGO;900389508;ALMACENES EXITO INVERSIONES S.A.S.;TIGO;EXITO;1153287
2017;1;POSPAGO;800153993;COMUNICACION CELULAR S A COMCEL S A;COMCEL;COMCEL;6458774
2017;1;POSPAGO;830122566;COLOMBIA TELECOMUNICACIONES S.A. ESP;MOVISTAR;MOVISTAR;3628676
2017;1;POSPAGO;830114921;COLOMBIA MOVIL S.A. E.S.P.;TIGO;TIGO;1412127
2017;1;POSPAGO;900092385;UNE EPM TELECOMUNICACIONES S.A.;TIGO;UNE;90994
2017;1;POSPAGO;830016046;AVANTEL S.A.S.;WOM;WOM;357497
2017;1;POSPAGO;899999115;EMPRESA DE TELECOMUNICACIONES DE BOGOTÁ S.A. ESP.;TIGO;ETB;250670
2017;1;PREPAGO;800153993;COMUNICACION CELULAR S A COMCEL S A;COMCEL;COMCEL;22694370
2017;1;PREPAGO;830122566;COLOMBIA TELECOMUNICACIONES S.A. ESP;MOVISTAR;MOVISTAR;9878442
2017;1;PREPAGO;830114921;COLOMBIA MOVIL S.A. E.S.P.;TIGO;TIGO;9002400
2017;1;PREPAGO;900367669;UFF MOVIL SAS;TIGO;UFF;112514
2017;1;PREPAGO;900420122;VIRGIN MOBILE COLOMBIA S.A.S.;MOVISTAR;VIRGIN;2584768
2017;1;PREPAGO;830016046;AVANTEL S.A.S.;WOM;WOM;993222
2017;1;PREPAGO;900092385;UNE EPM TELECOMUNICACIONES S.A.;TIGO;UNE;0
2017;1;PREPAGO;899999115;EMPRESA DE TELECOMUNICACIONES DE BOGOTÁ S.A. ESP.;TIGO;ETB;468106
2017;1;PREPAGO;900389508;ALMACENES EXITO INVERSIONES S.A.S.;TIGO;EXITO;1142308
2017;2;POSPAGO;800153993;COMUNICACION CELULAR S A COMCEL S A;COMCEL;COMCEL;6553309
2017;2;POSPAGO;830122566;COLOMBIA TELECOMUNICACIONES S.A. ESP;MOVISTAR;MOVISTAR;3671588
2017;2;POSPAGO;830114921;COLOMBIA MOVIL S.A. E.S.P.;TIGO;TIGO;1449286
2017;2;POSPAGO;900092385;UNE EPM TELECOMUNICACIONES S.A.;TIGO;UNE;89843
2017;2;POSPAGO;830016046;AVANTEL S.A.S.;WOM;WOM;358443
2017;2;POSPAGO;899999115;EMPRESA DE TELECOMUNICACIONES DE BOGOTÁ S.A. ESP.;TIGO;ETB;224094
2017;2;PREPAGO;800153993;COMUNICACION CELULAR S A COMCEL S A;COMCEL;COMCEL;22671618
2017;2;PREPAGO;830122566;COLOMBIA TELECOMUNICACIONES S.A. ESP;MOVISTAR;MOVISTAR;10096816
2017;2;PREPAGO;830114921;COLOMBIA MOVIL S.A. E.S.P.;TIGO;TIGO;9391996
2017;2;PREPAGO;900367669;UFF MOVIL SAS;TIGO;UFF;110586
2017;2;PREPAGO;900420122;VIRGIN MOBILE COLOMBIA S.A.S.;MOVISTAR;VIRGIN;2661621
2017;2;PREPAGO;830016046;AVANTEL S.A.S.;WOM;WOM;1064015
2017;2;PREPAGO;900092385;UNE EPM TELECOMUNICACIONES S.A.;TIGO;UNE;0
2017;2;PREPAGO;899999115;EMPRESA DE TELECOMUNICACIONES DE BOGOTÁ S.A. ESP.;TIGO;ETB;473634
2017;2;PREPAGO;900389508;ALMACENES EXITO INVERSIONES S.A.S.;TIGO;EXITO;931450
2017;3;PREPAGO;900389508;ALMACENES EXITO INVERSIONES S.A.S.;TIGO;EXITO;1120902
2017;3;PREPAGO;830016046;AVANTEL S.A.S.;WOM;WOM;1390314
2017;3;PREPAGO;830114921;COLOMBIA MOVIL S.A. E.S.P.;TIGO;TIGO;9650034
2017;3;PREPAGO;830122566;COLOMBIA TELECOMUNICACIONES S.A. ESP;MOVISTAR;MOVISTAR;10401082
2017;3;PREPAGO;800153993;COMUNICACION CELULAR S A COMCEL S A;COMCEL;COMCEL;22508198
2017;3;PREPAGO;899999115;EMPRESA DE TELECOMUNICACIONES DE BOGOTÁ S.A. ESP.;TIGO;ETB;373842
2017;3;PREPAGO;901162121;LOGISTICA FLASH COLOMBIA S.A.S;TIGO;FLASH;0
2017;3;PREPAGO;900973532;SUMA MOVIL SAS;TIGO;SUMA;0
2017;3;PREPAGO;900367669;UFF MOVIL SAS;TIGO;UFF;103452
2017;3;PREPAGO;900092385;UNE EPM TELECOMUNICACIONES S.A.;TIGO;UNE;0
2017;3;PREPAGO;900420122;VIRGIN MOBILE COLOMBIA S.A.S.;MOVISTAR;VIRGIN;2759150
2017;3;POSPAGO;900389508;ALMACENES EXITO INVERSIONES S.A.S.;TIGO;EXITO;0
2017;3;POSPAGO;830016046;AVANTEL S.A.S.;WOM;WOM;429231
2017;3;POSPAGO;830114921;COLOMBIA MOVIL S.A. E.S.P.;TIGO;TIGO;1498412
2017;3;POSPAGO;830122566;COLOMBIA TELECOMUNICACIONES S.A. ESP;MOVISTAR;MOVISTAR;3728814
2017;3;POSPAGO;800153993;COMUNICACION CELULAR S A COMCEL S A;COMCEL;COMCEL;6604164
2017;3;POSPAGO;899999115;EMPRESA DE TELECOMUNICACIONES DE BOGOTÁ S.A. ESP.;TIGO;ETB;208550
2017;3;POSPAGO;901162121;LOGISTICA FLASH COLOMBIA S.A.S;TIGO;FLASH;0
2017;3;POSPAGO;900973532;SUMA MOVIL SAS;TIGO;SUMA;0
2017;3;POSPAGO;900367669;UFF MOVIL SAS;TIGO;UFF;0
2017;3;POSPAGO;900092385;UNE EPM TELECOMUNICACIONES S.A.;TIGO;UNE;2751
2017;3;POSPAGO;900420122;VIRGIN MOBILE COLOMBIA S.A.S.;MOVISTAR;VIRGIN;0
2017;4;PREPAGO;900389508;ALMACENES EXITO INVERSIONES S.A.S.;TIGO;EXITO;1357366
2017;4;PREPAGO;830016046;AVANTEL S.A.S.;WOM;WOM;1502000
2017;4;PREPAGO;830114921;COLOMBIA MOVIL S.A. E.S.P.;TIGO;TIGO;9877451
2017;4;PREPAGO;830122566;COLOMBIA TELECOMUNICACIONES S.A. ESP;MOVISTAR;MOVISTAR;10857671
2017;4;PREPAGO;800153993;COMUNICACION CELULAR S A COMCEL S A;COMCEL;COMCEL;22664585
2017;4;PREPAGO;899999115;EMPRESA DE TELECOMUNICACIONES DE BOGOTÁ S.A. ESP.;TIGO;ETB;377356
2017;4;PREPAGO;900367669;UFF MOVIL SAS;TIGO;UFF;97634
2017;4;PREPAGO;900092385;UNE EPM TELECOMUNICACIONES S.A.;TIGO;UNE;0
2017;4;PREPAGO;900420122;VIRGIN MOBILE COLOMBIA S.A.S.;MOVISTAR;VIRGIN;2803168
2017;4;POSPAGO;900389508;ALMACENES EXITO INVERSIONES S.A.S.;TIGO;EXITO;0
2017;4;POSPAGO;830016046;AVANTEL S.A.S.;WOM;WOM;480424
2017;4;POSPAGO;830114921;COLOMBIA MOVIL S.A. E.S.P.;TIGO;TIGO;1563860
2017;4;POSPAGO;830122566;COLOMBIA TELECOMUNICACIONES S.A. ESP;MOVISTAR;MOVISTAR;3732884
2017;4;POSPAGO;800153993;COMUNICACION CELULAR S A COMCEL S A;COMCEL;COMCEL;6688246
2017;4;POSPAGO;899999115;EMPRESA DE TELECOMUNICACIONES DE BOGOTÁ S.A. ESP.;TIGO;ETB;217369
2017;4;POSPAGO;900367669;UFF MOVIL SAS;TIGO;UFF;0
2017;4;POSPAGO;900092385;UNE EPM TELECOMUNICACIONES S.A.;TIGO;UNE;0
2017;4;POSPAGO;900420122;VIRGIN MOBILE COLOMBIA S.A.S.;MOVISTAR;VIRGIN;0
2018;1;PREPAGO;900389508;ALMACENES EXITO INVERSIONES S.A.S.;TIGO;EXITO;1578026
2018;1;PREPAGO;830016046;AVANTEL S.A.S.;WOM;WOM;1474827
2018;1;PREPAGO;830114921;COLOMBIA MOVIL S.A. E.S.P.;TIGO;TIGO;9970576
2018;1;PREPAGO;830122566;COLOMBIA TELECOMUNICACIONES S.A. ESP;MOVISTAR;MOVISTAR;11003849
2018;1;PREPAGO;800153993;COMUNICACION CELULAR S A COMCEL S A;COMCEL;COMCEL;22717223
2018;1;PREPAGO;899999115;EMPRESA DE TELECOMUNICACIONES DE BOGOTÁ S.A. ESP.;TIGO;ETB;349001
2018;1;PREPAGO;900367669;UFF MOVIL SAS;TIGO;UFF;80638
2018;1;PREPAGO;900092385;UNE EPM TELECOMUNICACIONES S.A.;TIGO;UNE;0
2018;1;PREPAGO;900420122;VIRGIN MOBILE COLOMBIA S.A.S.;MOVISTAR;VIRGIN;2820484
2018;1;POSPAGO;900389508;ALMACENES EXITO INVERSIONES S.A.S.;TIGO;EXITO;0
2018;1;POSPAGO;830016046;AVANTEL S.A.S.;WOM;WOM;540711
2018;1;POSPAGO;830114921;COLOMBIA MOVIL S.A. E.S.P.;TIGO;TIGO;1593141
2018;1;POSPAGO;830122566;COLOMBIA TELECOMUNICACIONES S.A. ESP;MOVISTAR;MOVISTAR;3712291
2018;1;POSPAGO;800153993;COMUNICACION CELULAR S A COMCEL S A;COMCEL;COMCEL;6683865
2018;1;POSPAGO;899999115;EMPRESA DE TELECOMUNICACIONES DE BOGOTÁ S.A. ESP.;TIGO;ETB;238955
2018;1;POSPAGO;900367669;UFF MOVIL SAS;TIGO;UFF;0
2018;1;POSPAGO;900092385;UNE EPM TELECOMUNICACIONES S.A.;TIGO;UNE;0
2018;1;POSPAGO;900420122;VIRGIN MOBILE COLOMBIA S.A.S.;MOVISTAR;VIRGIN;0
2018;1;PREPAGO;900973532;SUMA MOVIL SAS;TIGO;SUMA;409
2018;2;PREPAGO;900389508;ALMACENES EXITO INVERSIONES S.A.S.;TIGO;EXITO;1626699
2018;2;PREPAGO;830016046;AVANTEL S.A.S.;WOM;WOM;1461934
2018;2;PREPAGO;830114921;COLOMBIA MOVIL S.A. E.S.P.;TIGO;TIGO;9967391
2018;2;PREPAGO;830122566;COLOMBIA TELECOMUNICACIONES S.A. ESP;MOVISTAR;MOVISTAR;11298360
2018;2;PREPAGO;800153993;COMUNICACION CELULAR S A COMCEL S A;COMCEL;COMCEL;22381248
2018;2;PREPAGO;899999115;EMPRESA DE TELECOMUNICACIONES DE BOGOTÁ S.A. ESP.;TIGO;ETB;351529
2018;2;PREPAGO;901162121;LOGISTICA FLASH COLOMBIA S.A.S;TIGO;FLASH;0
2018;2;PREPAGO;900973532;SUMA MOVIL SAS;TIGO;SUMA;574
2018;2;PREPAGO;900367669;UFF MOVIL SAS;TIGO;UFF;71115
2018;2;PREPAGO;900092385;UNE EPM TELECOMUNICACIONES S.A.;TIGO;UNE;0
2018;2;PREPAGO;900420122;VIRGIN MOBILE COLOMBIA S.A.S.;MOVISTAR;VIRGIN;2757292
2018;2;POSPAGO;900389508;ALMACENES EXITO INVERSIONES S.A.S.;TIGO;EXITO;0
2018;2;POSPAGO;830016046;AVANTEL S.A.S.;WOM;WOM;591326
2018;2;POSPAGO;830114921;COLOMBIA MOVIL S.A. E.S.P.;TIGO;TIGO;1595868
2018;2;POSPAGO;830122566;COLOMBIA TELECOMUNICACIONES S.A. ESP;MOVISTAR;MOVISTAR;3772300
2018;2;POSPAGO;800153993;COMUNICACION CELULAR S A COMCEL S A;COMCEL;COMCEL;6786534
2018;2;POSPAGO;899999115;EMPRESA DE TELECOMUNICACIONES DE BOGOTÁ S.A. ESP.;TIGO;ETB;250744
2018;2;POSPAGO;901162121;LOGISTICA FLASH COLOMBIA S.A.S;TIGO;FLASH;0
2018;2;POSPAGO;900973532;SUMA MOVIL SAS;TIGO;SUMA;0
2018;2;POSPAGO;900367669;UFF MOVIL SAS;TIGO;UFF;0
2018;2;POSPAGO;900092385;UNE EPM TELECOMUNICACIONES S.A.;TIGO;UNE;0
2018;2;POSPAGO;900420122;VIRGIN MOBILE COLOMBIA S.A.S.;MOVISTAR;VIRGIN;0
2018;3;PREPAGO;900389508;ALMACENES EXITO INVERSIONES S.A.S.;TIGO;EXITO;1694567
2018;3;PREPAGO;830016046;AVANTEL S.A.S.;WOM;WOM;1507198
2018;3;PREPAGO;830114921;COLOMBIA MOVIL S.A. E.S.P.;TIGO;TIGO;10008653
2018;3;PREPAGO;830122566;COLOMBIA TELECOMUNICACIONES S.A. ESP;MOVISTAR;MOVISTAR;11469280
2018;3;PREPAGO;800153993;COMUNICACION CELULAR S A COMCEL S A;COMCEL;COMCEL;22345925
2018;3;PREPAGO;899999115;EMPRESA DE TELECOMUNICACIONES DE BOGOTÁ S.A. ESP.;TIGO;ETB;323246
2018;3;PREPAGO;901162121;LOGISTICA FLASH COLOMBIA S.A.S;TIGO;FLASH;212636
2018;3;PREPAGO;900973532;SUMA MOVIL SAS;TIGO;SUMA;1200
2018;3;PREPAGO;900367669;UFF MOVIL SAS;TIGO;UFF;0
2018;3;PREPAGO;900092385;UNE EPM TELECOMUNICACIONES S.A.;TIGO;UNE;0
2018;3;PREPAGO;900420122;VIRGIN MOBILE COLOMBIA S.A.S.;MOVISTAR;VIRGIN;2698194
2018;3;POSPAGO;900389508;ALMACENES EXITO INVERSIONES S.A.S.;TIGO;EXITO;0
2018;3;POSPAGO;830016046;AVANTEL S.A.S.;WOM;WOM;613836
2018;3;POSPAGO;830114921;COLOMBIA MOVIL S.A. E.S.P.;TIGO;TIGO;1612906
2018;3;POSPAGO;830122566;COLOMBIA TELECOMUNICACIONES S.A. ESP;MOVISTAR;MOVISTAR;3821303
2018;3;POSPAGO;800153993;COMUNICACION CELULAR S A COMCEL S A;COMCEL;COMCEL;6886963
2018;3;POSPAGO;899999115;EMPRESA DE TELECOMUNICACIONES DE BOGOTÁ S.A. ESP.;TIGO;ETB;231760
2018;3;POSPAGO;901162121;LOGISTICA FLASH COLOMBIA S.A.S;TIGO;FLASH;0
2018;3;POSPAGO;900973532;SUMA MOVIL SAS;TIGO;SUMA;0
2018;3;POSPAGO;900367669;UFF MOVIL SAS;TIGO;UFF;0
2018;3;POSPAGO;900092385;UNE EPM TELECOMUNICACIONES S.A.;TIGO;UNE;0
2018;3;POSPAGO;900420122;VIRGIN MOBILE COLOMBIA S.A.S.;MOVISTAR;VIRGIN;0
2018;4;PREPAGO;900389508;ALMACENES EXITO INVERSIONES S.A.S.;TIGO;EXITO;1661346
2018;4;PREPAGO;830016046;AVANTEL S.A.S.;WOM;WOM;1580942
2018;4;PREPAGO;830114921;COLOMBIA MOVIL S.A. E.S.P.;TIGO;TIGO;10160441
2018;4;PREPAGO;830122566;COLOMBIA TELECOMUNICACIONES S.A. ESP;MOVISTAR;MOVISTAR;11880734
2018;4;PREPAGO;800153993;COMUNICACION CELULAR S A COMCEL S A;COMCEL;COMCEL;22744160
2018;4;PREPAGO;899999115;EMPRESA DE TELECOMUNICACIONES DE BOGOTÁ S.A. ESP.;TIGO;ETB;287046
2018;4;PREPAGO;901162121;LOGISTICA FLASH COLOMBIA S.A.S;TIGO;FLASH;555937
2018;4;PREPAGO;900973532;SUMA MOVIL SAS;TIGO;SUMA;2460
2018;4;PREPAGO;900367669;UFF MOVIL SAS;TIGO;UFF;0
2018;4;PREPAGO;900092385;UNE EPM TELECOMUNICACIONES S.A.;TIGO;UNE;0
2018;4;PREPAGO;900420122;VIRGIN MOBILE COLOMBIA S.A.S.;MOVISTAR;VIRGIN;2687737
2018;4;POSPAGO;900389508;ALMACENES EXITO INVERSIONES S.A.S.;TIGO;EXITO;0
2018;4;POSPAGO;830016046;AVANTEL S.A.S.;WOM;WOM;640676
2018;4;POSPAGO;830114921;COLOMBIA MOVIL S.A. E.S.P.;TIGO;TIGO;1652051
2018;4;POSPAGO;830122566;COLOMBIA TELECOMUNICACIONES S.A. ESP;MOVISTAR;MOVISTAR;3835482
2018;4;POSPAGO;800153993;COMUNICACION CELULAR S A COMCEL S A;COMCEL;COMCEL;6936693
2018;4;POSPAGO;899999115;EMPRESA DE TELECOMUNICACIONES DE BOGOTÁ S.A. ESP.;TIGO;ETB;199351
2018;4;POSPAGO;901162121;LOGISTICA FLASH COLOMBIA S.A.S;TIGO;FLASH;0
2018;4;POSPAGO;900973532;SUMA MOVIL SAS;TIGO;SUMA;0
2018;4;POSPAGO;900367669;UFF MOVIL SAS;TIGO;UFF;0
2018;4;POSPAGO;900092385;UNE EPM TELECOMUNICACIONES S.A.;TIGO;UNE;0
2018;4;POSPAGO;900420122;VIRGIN MOBILE COLOMBIA S.A.S.;MOVISTAR;VIRGIN;0
2019;1;PREPAGO;900389508;ALMACENES EXITO INVERSIONES S.A.S.;TIGO;EXITO;1542278
2019;1;PREPAGO;830016046;AVANTEL S.A.S.;WOM;WOM;1630028
2019;1;PREPAGO;830114921;COLOMBIA MOVIL S.A. E.S.P.;TIGO;TIGO;9826161
2019;1;PREPAGO;830122566;COLOMBIA TELECOMUNICACIONES S.A. ESP;MOVISTAR;MOVISTAR;12015286
2019;1;PREPAGO;800153993;COMUNICACION CELULAR S A COMCEL S A;COMCEL;COMCEL;22890292
2019;1;PREPAGO;899999115;EMPRESA DE TELECOMUNICACIONES DE BOGOTÁ S.A. ESP.;TIGO;ETB;249645
2019;1;PREPAGO;901162121;LOGISTICA FLASH COLOMBIA S.A.S;TIGO;FLASH;629210
2019;1;PREPAGO;900973532;SUMA MOVIL SAS;TIGO;SUMA;3370
2019;1;PREPAGO;900367669;UFF MOVIL SAS;TIGO;UFF;0
2019;1;PREPAGO;900092385;UNE EPM TELECOMUNICACIONES S.A.;TIGO;UNE;0
2019;1;PREPAGO;900420122;VIRGIN MOBILE COLOMBIA S.A.S.;MOVISTAR;VIRGIN;2735382
2019;1;POSPAGO;900389508;ALMACENES EXITO INVERSIONES S.A.S.;TIGO;EXITO;0
2019;1;POSPAGO;830016046;AVANTEL S.A.S.;WOM;WOM;656614
2019;1;POSPAGO;830114921;COLOMBIA MOVIL S.A. E.S.P.;TIGO;TIGO;1729695
2019;1;POSPAGO;830122566;COLOMBIA TELECOMUNICACIONES S.A. ESP;MOVISTAR;MOVISTAR;3868966
2019;1;POSPAGO;800153993;COMUNICACION CELULAR S A COMCEL S A;COMCEL;COMCEL;6996809
2019;1;POSPAGO;899999115;EMPRESA DE TELECOMUNICACIONES DE BOGOTÁ S.A. ESP.;TIGO;ETB;194535
2019;1;POSPAGO;901162121;LOGISTICA FLASH COLOMBIA S.A.S;TIGO;FLASH;0
2019;1;POSPAGO;900973532;SUMA MOVIL SAS;TIGO;SUMA;0
2019;1;POSPAGO;900367669;UFF MOVIL SAS;TIGO;UFF;0
2019;1;POSPAGO;900092385;UNE EPM TELECOMUNICACIONES S.A.;TIGO;UNE;0
2019;1;POSPAGO;900420122;VIRGIN MOBILE COLOMBIA S.A.S.;MOVISTAR;VIRGIN;0
2019;2;PREPAGO;900389508;ALMACENES EXITO INVERSIONES S.A.S.;TIGO;EXITO;1770316
2019;2;PREPAGO;830016046;AVANTEL S.A.S.;WOM;WOM;1671380
2019;2;PREPAGO;830114921;COLOMBIA MOVIL S.A. E.S.P.;TIGO;TIGO;9963118
2019;2;PREPAGO;830122566;COLOMBIA TELECOMUNICACIONES S.A. ESP;MOVISTAR;MOVISTAR;12097684
2019;2;PREPAGO;800153993;COMUNICACION CELULAR S A COMCEL S A;COMCEL;COMCEL;23029188
2019;2;PREPAGO;899999115;EMPRESA DE TELECOMUNICACIONES DE BOGOTÁ S.A. ESP.;TIGO;ETB;258103
2019;2;PREPAGO;901162121;LOGISTICA FLASH COLOMBIA S.A.S;TIGO;FLASH;553045
2019;2;PREPAGO;900973532;SUMA MOVIL SAS;TIGO;SUMA;3554
2019;2;PREPAGO;900367669;UFF MOVIL SAS;TIGO;UFF;0
2019;2;PREPAGO;900092385;UNE EPM TELECOMUNICACIONES S.A.;TIGO;UNE;0
2019;2;PREPAGO;900420122;VIRGIN MOBILE COLOMBIA S.A.S.;MOVISTAR;VIRGIN;2778854
2019;2;POSPAGO;900389508;ALMACENES EXITO INVERSIONES S.A.S.;TIGO;EXITO;0
2019;2;POSPAGO;830016046;AVANTEL S.A.S.;WOM;WOM;661016
2019;2;POSPAGO;830114921;COLOMBIA MOVIL S.A. E.S.P.;TIGO;TIGO;1759088
2019;2;POSPAGO;830122566;COLOMBIA TELECOMUNICACIONES S.A. ESP;MOVISTAR;MOVISTAR;3931388
2019;2;POSPAGO;800153993;COMUNICACION CELULAR S A COMCEL S A;COMCEL;COMCEL;7114931
2019;2;POSPAGO;899999115;EMPRESA DE TELECOMUNICACIONES DE BOGOTÁ S.A. ESP.;TIGO;ETB;202416
2019;2;POSPAGO;901162121;LOGISTICA FLASH COLOMBIA S.A.S;TIGO;FLASH;0
2019;2;POSPAGO;900973532;SUMA MOVIL SAS;TIGO;SUMA;0
2019;2;POSPAGO;900367669;UFF MOVIL SAS;TIGO;UFF;0
2019;2;POSPAGO;900092385;UNE EPM TELECOMUNICACIONES S.A.;TIGO;UNE;0
2019;2;POSPAGO;900420122;VIRGIN MOBILE COLOMBIA S.A.S.;MOVISTAR;VIRGIN;0
2019;3;POSPAGO;900389508;ALMACENES EXITO INVERSIONES S.A.S.;TIGO;EXITO;0
2019;3;PREPAGO;900389508;ALMACENES EXITO INVERSIONES S.A.S.;TIGO;EXITO;1191630
2019;3;POSPAGO;830016046;AVANTEL S.A.S.;WOM;WOM;658927
2019;3;PREPAGO;830016046;AVANTEL S.A.S.;WOM;WOM;1717157
2019;3;POSPAGO;830114921;COLOMBIA MOVIL S.A. E.S.P.;TIGO;TIGO;1780987
2019;3;PREPAGO;830114921;COLOMBIA MOVIL S.A. E.S.P.;TIGO;TIGO;9462024
2019;3;POSPAGO;830122566;COLOMBIA TELECOMUNICACIONES S.A. ESP;MOVISTAR;MOVISTAR;3995407
2019;3;PREPAGO;830122566;COLOMBIA TELECOMUNICACIONES S.A. ESP;MOVISTAR;MOVISTAR;12064547
2019;3;POSPAGO;800153993;COMUNICACION CELULAR S A COMCEL S A;COMCEL;COMCEL;7249104
2019;3;PREPAGO;800153993;COMUNICACION CELULAR S A COMCEL S A;COMCEL;COMCEL;23327614
2019;3;POSPAGO;899999115;EMPRESA DE TELECOMUNICACIONES DE BOGOTÁ S.A. ESP.;TIGO;ETB;169586
2019;3;PREPAGO;899999115;EMPRESA DE TELECOMUNICACIONES DE BOGOTÁ S.A. ESP.;TIGO;ETB;245554
2019;3;POSPAGO;901162121;LOGISTICA FLASH COLOMBIA S.A.S;TIGO;FLASH;0
2019;3;PREPAGO;901162121;LOGISTICA FLASH COLOMBIA S.A.S;TIGO;FLASH;449477
2019;3;POSPAGO;900973532;SUMA MOVIL SAS;TIGO;SUMA;0
2019;3;PREPAGO;900973532;SUMA MOVIL SAS;TIGO;SUMA;3741
2019;3;POSPAGO;900367669;UFF MOVIL SAS;TIGO;UFF;0
2019;3;PREPAGO;900367669;UFF MOVIL SAS;TIGO;UFF;0
2019;3;POSPAGO;900092385;UNE EPM TELECOMUNICACIONES S.A.;TIGO;UNE;0
2019;3;PREPAGO;900092385;UNE EPM TELECOMUNICACIONES S.A.;TIGO;UNE;0
2019;3;POSPAGO;900420122;VIRGIN MOBILE COLOMBIA S.A.S.;MOVISTAR;VIRGIN;0
2019;3;PREPAGO;900420122;VIRGIN MOBILE COLOMBIA S.A.S.;MOVISTAR;VIRGIN;2800297
2019;4;POSPAGO;900389508;ALMACENES EXITO INVERSIONES S.A.S.;TIGO;EXITO;0
2019;4;PREPAGO;900389508;ALMACENES EXITO INVERSIONES S.A.S.;TIGO;EXITO;1434851
2019;4;POSPAGO;830016046;AVANTEL S.A.S.;WOM;WOM;597276
2019;4;PREPAGO;830016046;AVANTEL S.A.S.;WOM;WOM;1705901
2019;4;POSPAGO;830114921;COLOMBIA MOVIL S.A. E.S.P.;TIGO;TIGO;1837235
2019;4;PREPAGO;830114921;COLOMBIA MOVIL S.A. E.S.P.;TIGO;TIGO;9804339
2019;4;POSPAGO;830122566;COLOMBIA TELECOMUNICACIONES S.A. ESP;MOVISTAR;MOVISTAR;4077225
2019;4;PREPAGO;830122566;COLOMBIA TELECOMUNICACIONES S.A. ESP;MOVISTAR;MOVISTAR;12003146
2019;4;POSPAGO;800153993;COMUNICACION CELULAR S A COMCEL S A;COMCEL;COMCEL;7350590
2019;4;PREPAGO;800153993;COMUNICACION CELULAR S A COMCEL S A;COMCEL;COMCEL;23753480
2019;4;POSPAGO;899999115;EMPRESA DE TELECOMUNICACIONES DE BOGOTÁ S.A. ESP.;TIGO;ETB;160575
2019;4;PREPAGO;899999115;EMPRESA DE TELECOMUNICACIONES DE BOGOTÁ S.A. ESP.;TIGO;ETB;228722
2019;4;POSPAGO;901162121;LOGISTICA FLASH COLOMBIA S.A.S;TIGO;FLASH;0
2019;4;PREPAGO;901162121;LOGISTICA FLASH COLOMBIA S.A.S;TIGO;FLASH;333761
2019;4;POSPAGO;900973532;SUMA MOVIL SAS;TIGO;SUMA;0
2019;4;PREPAGO;900973532;SUMA MOVIL SAS;TIGO;SUMA;9321
2019;4;POSPAGO;900367669;UFF MOVIL SAS;TIGO;UFF;0
2019;4;PREPAGO;900367669;UFF MOVIL SAS;TIGO;UFF;0
2019;4;POSPAGO;900092385;UNE EPM TELECOMUNICACIONES S.A.;TIGO;UNE;0
2019;4;PREPAGO;900092385;UNE EPM TELECOMUNICACIONES S.A.;TIGO;UNE;0
2019;4;POSPAGO;900420122;VIRGIN MOBILE COLOMBIA S.A.S.;MOVISTAR;VIRGIN;0
2019;4;PREPAGO;900420122;VIRGIN MOBILE COLOMBIA S.A.S.;MOVISTAR;VIRGIN;2986753
2020;1;POSPAGO;900389508;ALMACENES EXITO INVERSIONES S.A.S.;TIGO;EXITO;0
2020;1;PREPAGO;900389508;ALMACENES EXITO INVERSIONES S.A.S.;TIGO;EXITO;1606947
2020;1;POSPAGO;830016046;AVANTEL S.A.S.;WOM;WOM;544173
2020;1;PREPAGO;830016046;AVANTEL S.A.S.;WOM;WOM;1706597
2020;1;POSPAGO;830114921;COLOMBIA MOVIL S.A. E.S.P.;TIGO;TIGO;1823564
2020;1;PREPAGO;830114921;COLOMBIA MOVIL S.A. E.S.P.;TIGO;TIGO;9984620
2020;1;POSPAGO;830122566;COLOMBIA TELECOMUNICACIONES S.A. ESP;MOVISTAR;MOVISTAR;4140576
2020;1;PREPAGO;830122566;COLOMBIA TELECOMUNICACIONES S.A. ESP;MOVISTAR;MOVISTAR;11773388
2020;1;POSPAGO;800153993;COMUNICACION CELULAR S A COMCEL S A;COMCEL;COMCEL;7383758
2020;1;PREPAGO;800153993;COMUNICACION CELULAR S A COMCEL S A;COMCEL;COMCEL;23859906
2020;1;POSPAGO;899999115;EMPRESA DE TELECOMUNICACIONES DE BOGOTÁ S.A. ESP.;TIGO;ETB;182796
2020;1;PREPAGO;899999115;EMPRESA DE TELECOMUNICACIONES DE BOGOTÁ S.A. ESP.;TIGO;ETB;209967
2020;1;POSPAGO;901162121;LOGISTICA FLASH COLOMBIA S.A.S;TIGO;FLASH;0
2020;1;PREPAGO;901162121;LOGISTICA FLASH COLOMBIA S.A.S;TIGO;FLASH;291210
2020;1;POSPAGO;900973532;SUMA MOVIL SAS;TIGO;SUMA;0
2020;1;PREPAGO;900973532;SUMA MOVIL SAS;TIGO;SUMA;11730
2020;1;POSPAGO;900367669;UFF MOVIL SAS;TIGO;UFF;0
2020;1;PREPAGO;900367669;UFF MOVIL SAS;TIGO;UFF;0
2020;1;POSPAGO;900092385;UNE EPM TELECOMUNICACIONES S.A.;TIGO;UNE;0
2020;1;PREPAGO;900092385;UNE EPM TELECOMUNICACIONES S.A.;TIGO;UNE;0
2020;1;POSPAGO;900420122;VIRGIN MOBILE COLOMBIA S.A.S.;MOVISTAR;VIRGIN;0
2020;1;PREPAGO;900420122;VIRGIN MOBILE COLOMBIA S.A.S.;MOVISTAR;VIRGIN;2973265
2020;2;POSPAGO;900389508;ALMACENES EXITO INVERSIONES S.A.S.;TIGO;EXITO;0
2020;2;PREPAGO;900389508;ALMACENES EXITO INVERSIONES S.A.S.;TIGO;EXITO;1756948
2020;2;POSPAGO;830016046;AVANTEL S.A.S.;WOM;WOM;499510
2020;2;PREPAGO;830016046;AVANTEL S.A.S.;WOM;WOM;977951
2020;2;POSPAGO;830114921;COLOMBIA MOVIL S.A. E.S.P.;TIGO;TIGO;1707182
2020;2;PREPAGO;830114921;COLOMBIA MOVIL S.A. E.S.P.;TIGO;TIGO;9329848
2020;2;POSPAGO;830122566;COLOMBIA TELECOMUNICACIONES S.A. ESP;MOVISTAR;MOVISTAR;4154633
2020;2;PREPAGO;830122566;COLOMBIA TELECOMUNICACIONES S.A. ESP;MOVISTAR;MOVISTAR;11453582
2020;2;POSPAGO;800153993;COMUNICACION CELULAR S A COMCEL S A;COMCEL;COMCEL;7421749
2020;2;PREPAGO;800153993;COMUNICACION CELULAR S A COMCEL S A;COMCEL;COMCEL;24112825
2020;2;POSPAGO;899999115;EMPRESA DE TELECOMUNICACIONES DE BOGOTÁ S.A. ESP.;TIGO;ETB;169575
2020;2;PREPAGO;899999115;EMPRESA DE TELECOMUNICACIONES DE BOGOTÁ S.A. ESP.;TIGO;ETB;181904
2020;2;POSPAGO;901162121;LOGISTICA FLASH COLOMBIA S.A.S;TIGO;FLASH;0
2020;2;PREPAGO;901162121;LOGISTICA FLASH COLOMBIA S.A.S;TIGO;FLASH;272850
2020;2;POSPAGO;900973532;SUMA MOVIL SAS;TIGO;SUMA;0
2020;2;PREPAGO;900973532;SUMA MOVIL SAS;TIGO;SUMA;13058
2020;2;POSPAGO;900367669;UFF MOVIL SAS;TIGO;UFF;0
2020;2;PREPAGO;900367669;UFF MOVIL SAS;TIGO;UFF;0
2020;2;POSPAGO;900092385;UNE EPM TELECOMUNICACIONES S.A.;TIGO;UNE;0
2020;2;PREPAGO;900092385;UNE EPM TELECOMUNICACIONES S.A.;TIGO;UNE;0
2020;2;POSPAGO;900420122;VIRGIN MOBILE COLOMBIA S.A.S.;MOVISTAR;VIRGIN;0
2020;2;PREPAGO;900420122;VIRGIN MOBILE COLOMBIA S.A.S.;MOVISTAR;VIRGIN;2815403
2020;3;POSPAGO;900389508;ALMACENES EXITO INVERSIONES S.A.S.;TIGO;EXITO;0
2020;3;PREPAGO;900389508;ALMACENES EXITO INVERSIONES S.A.S.;TIGO;EXITO;1498443
2020;3;POSPAGO;830016046;AVANTEL S.A.S.;WOM;WOM;469411
2020;3;PREPAGO;830016046;AVANTEL S.A.S.;WOM;WOM;921302
2020;3;POSPAGO;830114921;COLOMBIA MOVIL S.A. E.S.P.;TIGO;TIGO;1740206
2020;3;PREPAGO;830114921;COLOMBIA MOVIL S.A. E.S.P.;TIGO;TIGO;9755437
2020;3;POSPAGO;830122566;COLOMBIA TELECOMUNICACIONES S.A. ESP;MOVISTAR;MOVISTAR;4332314
2020;3;PREPAGO;830122566;COLOMBIA TELECOMUNICACIONES S.A. ESP;MOVISTAR;MOVISTAR;11405662
2020;3;POSPAGO;800153993;COMUNICACION CELULAR S A COMCEL S A;COMCEL;COMCEL;7563876
2020;3;PREPAGO;800153993;COMUNICACION CELULAR S A COMCEL S A;COMCEL;COMCEL;24459904
2020;3;POSPAGO;899999115;EMPRESA DE TELECOMUNICACIONES DE BOGOTÁ S.A. ESP.;TIGO;ETB;179405
2020;3;PREPAGO;899999115;EMPRESA DE TELECOMUNICACIONES DE BOGOTÁ S.A. ESP.;TIGO;ETB;148147
2020;3;POSPAGO;901162121;LOGISTICA FLASH COLOMBIA S.A.S;TIGO;FLASH;0
2020;3;PREPAGO;901162121;LOGISTICA FLASH COLOMBIA S.A.S;TIGO;FLASH;244783
2020;3;POSPAGO;900973532;SUMA MOVIL SAS;TIGO;SUMA;0
2020;3;PREPAGO;900973532;SUMA MOVIL SAS;TIGO;SUMA;14456
2020;3;POSPAGO;900367669;UFF MOVIL SAS;TIGO;UFF;0
2020;3;PREPAGO;900367669;UFF MOVIL SAS;TIGO;UFF;0
2020;3;POSPAGO;900092385;UNE EPM TELECOMUNICACIONES S.A.;TIGO;UNE;0
2020;3;PREPAGO;900092385;UNE EPM TELECOMUNICACIONES S.A.;TIGO;UNE;0
2020;3;POSPAGO;900420122;VIRGIN MOBILE COLOMBIA S.A.S.;MOVISTAR;VIRGIN;0
2020;3;PREPAGO;900420122;VIRGIN MOBILE COLOMBIA S.A.S.;MOVISTAR;VIRGIN;2744831
2020;4;POSPAGO;900389508;ALMACENES EXITO INVERSIONES S.A.S.;TIGO;EXITO;0
2020;4;PREPAGO;900389508;ALMACENES EXITO INVERSIONES S.A.S.;TIGO;EXITO;1205229
2020;4;POSPAGO;830016046;AVANTEL S.A.S.;WOM;WOM;478242
2020;4;PREPAGO;830016046;AVANTEL S.A.S.;WOM;WOM;774606
2020;4;POSPAGO;830114921;COLOMBIA MOVIL S.A. E.S.P.;TIGO;TIGO;1784516
2020;4;PREPAGO;830114921;COLOMBIA MOVIL S.A. E.S.P.;TIGO;TIGO;10718770
2020;4;POSPAGO;830122566;COLOMBIA TELECOMUNICACIONES S.A. ESP;MOVISTAR;MOVISTAR;4362606
2020;4;PREPAGO;830122566;COLOMBIA TELECOMUNICACIONES S.A. ESP;MOVISTAR;MOVISTAR;11935335
2020;4;POSPAGO;800153993;COMUNICACION CELULAR S A COMCEL S A;COMCEL;COMCEL;7765177
2020;4;PREPAGO;800153993;COMUNICACION CELULAR S A COMCEL S A;COMCEL;COMCEL;25243585
2020;4;POSPAGO;899999115;EMPRESA DE TELECOMUNICACIONES DE BOGOTÁ S.A. ESP.;TIGO;ETB;197712
2020;4;PREPAGO;899999115;EMPRESA DE TELECOMUNICACIONES DE BOGOTÁ S.A. ESP.;TIGO;ETB;125434
2020;4;POSPAGO;901162121;LOGISTICA FLASH COLOMBIA S.A.S;TIGO;FLASH;0
2020;4;PREPAGO;901162121;LOGISTICA FLASH COLOMBIA S.A.S;TIGO;FLASH;220353
2020;4;POSPAGO;900973532;SUMA MOVIL SAS;TIGO;SUMA;0
2020;4;PREPAGO;900973532;SUMA MOVIL SAS;TIGO;SUMA;15393
2020;4;POSPAGO;900367669;UFF MOVIL SAS;TIGO;UFF;0
2020;4;PREPAGO;900367669;UFF MOVIL SAS;TIGO;UFF;0
2020;4;POSPAGO;900092385;UNE EPM TELECOMUNICACIONES S.A.;TIGO;UNE;0
2020;4;PREPAGO;900092385;UNE EPM TELECOMUNICACIONES S.A.;TIGO;UNE;0
2020;4;POSPAGO;900420122;VIRGIN MOBILE COLOMBIA S.A.S.;MOVISTAR;VIRGIN;0
2020;4;PREPAGO;900420122;VIRGIN MOBILE COLOMBIA S.A.S.;MOVISTAR;VIRGIN;2833281
2020;4;POSPAGO;901104609;SETROC MOBILE GROUP SAS;MOVISTAR;SETROC;0
2020;4;PREPAGO;901104609;SETROC MOBILE GROUP SAS;MOVISTAR;SETROC;12331
2021;1;POSPAGO;900389508;ALMACENES EXITO INVERSIONES S.A.S.;TIGO;EXITO;0
2021;1;PREPAGO;900389508;ALMACENES EXITO INVERSIONES S.A.S.;TIGO;EXITO;1381616
2021;1;POSPAGO;830016046;AVANTEL S.A.S.;WOM;WOM;514014
2021;1;PREPAGO;830016046;AVANTEL S.A.S.;WOM;WOM;786381
2021;1;POSPAGO;830114921;COLOMBIA MOVIL S.A. E.S.P.;TIGO;TIGO;1860932
2021;1;PREPAGO;830114921;COLOMBIA MOVIL S.A. E.S.P.;TIGO;TIGO;11179985
2021;1;POSPAGO;830122566;COLOMBIA TELECOMUNICACIONES S.A. ESP;MOVISTAR;MOVISTAR;4520036
2021;1;PREPAGO;830122566;COLOMBIA TELECOMUNICACIONES S.A. ESP;MOVISTAR;MOVISTAR;12189416
2021;1;POSPAGO;800153993;COMUNICACION CELULAR S A COMCEL S A;COMCEL;COMCEL;7919053
2021;1;PREPAGO;800153993;COMUNICACION CELULAR S A COMCEL S A;COMCEL;COMCEL;25542054
2021;1;POSPAGO;899999115;EMPRESA DE TELECOMUNICACIONES DE BOGOTÁ S.A. ESP.;TIGO;ETB;200162
2021;1;PREPAGO;899999115;EMPRESA DE TELECOMUNICACIONES DE BOGOTÁ S.A. ESP.;TIGO;ETB;121927
2021;1;POSPAGO;901162121;LOGISTICA FLASH COLOMBIA S.A.S;TIGO;FLASH;0
2021;1;PREPAGO;901162121;LOGISTICA FLASH COLOMBIA S.A.S;TIGO;FLASH;207362
2021;1;POSPAGO;900973532;SUMA MOVIL SAS;TIGO;SUMA;0
2021;1;PREPAGO;900973532;SUMA MOVIL SAS;TIGO;SUMA;14410
2021;1;POSPAGO;900367669;UFF MOVIL SAS;TIGO;UFF;0
2021;1;PREPAGO;900367669;UFF MOVIL SAS;TIGO;UFF;0
2021;1;POSPAGO;900092385;UNE EPM TELECOMUNICACIONES S.A.;TIGO;UNE;0
2021;1;PREPAGO;900092385;UNE EPM TELECOMUNICACIONES S.A.;TIGO;UNE;0
2021;1;POSPAGO;900420122;VIRGIN MOBILE COLOMBIA S.A.S.;MOVISTAR;VIRGIN;0
2021;1;PREPAGO;900420122;VIRGIN MOBILE COLOMBIA S.A.S.;MOVISTAR;VIRGIN;2980494
2021;1;POSPAGO;901104609;SETROC MOBILE GROUP SAS;MOVISTAR;SETROC;0
2021;1;PREPAGO;901104609;SETROC MOBILE GROUP SAS;MOVISTAR;SETROC;24511
2021;2;POSPAGO;900389508;ALMACENES EXITO INVERSIONES S.A.S.;TIGO;EXITO;0
2021;2;PREPAGO;900389508;ALMACENES EXITO INVERSIONES S.A.S.;TIGO;EXITO;1135163
2021;2;POSPAGO;830016046;AVANTEL S.A.S.;WOM;WOM;283663
2021;2;PREPAGO;830016046;AVANTEL S.A.S.;WOM;WOM;691970
2021;2;POSPAGO;830114921;COLOMBIA MOVIL S.A. E.S.P.;TIGO;TIGO;2099943
2021;2;PREPAGO;830114921;COLOMBIA MOVIL S.A. E.S.P.;TIGO;TIGO;10923631
2021;2;POSPAGO;830122566;COLOMBIA TELECOMUNICACIONES S.A. ESP;MOVISTAR;MOVISTAR;4732330
2021;2;PREPAGO;830122566;COLOMBIA TELECOMUNICACIONES S.A. ESP;MOVISTAR;MOVISTAR;12476977
2021;2;POSPAGO;800153993;COMUNICACION CELULAR S A COMCEL S A;COMCEL;COMCEL;8078465
2021;2;PREPAGO;800153993;COMUNICACION CELULAR S A COMCEL S A;COMCEL;COMCEL;25765054
2021;2;POSPAGO;899999115;EMPRESA DE TELECOMUNICACIONES DE BOGOTÁ S.A. ESP.;TIGO;ETB;182427
2021;2;PREPAGO;899999115;EMPRESA DE TELECOMUNICACIONES DE BOGOTÁ S.A. ESP.;TIGO;ETB;112014
2021;2;POSPAGO;901162121;LOGISTICA FLASH COLOMBIA S.A.S;TIGO;FLASH;0
2021;2;PREPAGO;901162121;LOGISTICA FLASH COLOMBIA S.A.S;TIGO;FLASH;192443
2021;2;POSPAGO;900973532;SUMA MOVIL SAS;TIGO;SUMA;0
2021;2;PREPAGO;900973532;SUMA MOVIL SAS;TIGO;SUMA;14201
2021;2;POSPAGO;900367669;UFF MOVIL SAS;TIGO;UFF;0
2021;2;PREPAGO;900367669;UFF MOVIL SAS;TIGO;UFF;0
2021;2;POSPAGO;900092385;UNE EPM TELECOMUNICACIONES S.A.;TIGO;UNE;0
2021;2;PREPAGO;900092385;UNE EPM TELECOMUNICACIONES S.A.;TIGO;UNE;0
2021;2;POSPAGO;900420122;VIRGIN MOBILE COLOMBIA S.A.S.;MOVISTAR;VIRGIN;0
2021;2;PREPAGO;900420122;VIRGIN MOBILE COLOMBIA S.A.S.;MOVISTAR;VIRGIN;3066537
2021;2;POSPAGO;901104609;SETROC MOBILE GROUP SAS;MOVISTAR;SETROC;0
2021;2;PREPAGO;901104609;SETROC MOBILE GROUP SAS;MOVISTAR;SETROC;40780
2021;2;POSPAGO;901354361;PARTNERS TELECOM COLOMBIA SAS;WOM;WOM;317321
2021;2;PREPAGO;901354361;PARTNERS TELECOM COLOMBIA SAS;WOM;WOM;378592
2021;3;POSPAGO;900389508;ALMACENES EXITO INVERSIONES S.A.S.;TIGO;EXITO;0
2021;3;PREPAGO;900389508;ALMACENES EXITO INVERSIONES S.A.S.;TIGO;EXITO;1318129
2021;3;POSPAGO;830016046;AVANTEL S.A.S.;WOM;WOM;94965
2021;3;PREPAGO;830016046;AVANTEL S.A.S.;WOM;WOM;532010
2021;3;POSPAGO;830114921;COLOMBIA MOVIL S.A. E.S.P.;TIGO;TIGO;2616351
2021;3;PREPAGO;830114921;COLOMBIA MOVIL S.A. E.S.P.;TIGO;TIGO;11355405
2021;3;POSPAGO;830122566;COLOMBIA TELECOMUNICACIONES S.A. ESP;MOVISTAR;MOVISTAR;4865308
2021;3;PREPAGO;830122566;COLOMBIA TELECOMUNICACIONES S.A. ESP;MOVISTAR;MOVISTAR;13042515
2021;3;POSPAGO;800153993;COMUNICACION CELULAR S A COMCEL S A;COMCEL;COMCEL;8391598
2021;3;PREPAGO;800153993;COMUNICACION CELULAR S A COMCEL S A;COMCEL;COMCEL;25964111
2021;3;POSPAGO;899999115;EMPRESA DE TELECOMUNICACIONES DE BOGOTÁ S.A. ESP.;TIGO;ETB;154340
2021;3;PREPAGO;899999115;EMPRESA DE TELECOMUNICACIONES DE BOGOTÁ S.A. ESP.;TIGO;ETB;107772
2021;3;POSPAGO;901162121;LOGISTICA FLASH COLOMBIA S.A.S;TIGO;FLASH;0
2021;3;PREPAGO;901162121;LOGISTICA FLASH COLOMBIA S.A.S;TIGO;FLASH;182205
2021;3;POSPAGO;900973532;SUMA MOVIL SAS;TIGO;SUMA;0
2021;3;PREPAGO;900973532;SUMA MOVIL SAS;TIGO;SUMA;17529
2021;3;POSPAGO;900367669;UFF MOVIL SAS;TIGO;UFF;0
2021;3;PREPAGO;900367669;UFF MOVIL SAS;TIGO;UFF;0
2021;3;POSPAGO;900092385;UNE EPM TELECOMUNICACIONES S.A.;TIGO;UNE;0
2021;3;PREPAGO;900092385;UNE EPM TELECOMUNICACIONES S.A.;TIGO;UNE;0
2021;3;POSPAGO;900420122;VIRGIN MOBILE COLOMBIA S.A.S.;MOVISTAR;VIRGIN;0
2021;3;PREPAGO;900420122;VIRGIN MOBILE COLOMBIA S.A.S.;MOVISTAR;VIRGIN;2791683
2021;3;POSPAGO;901104609;SETROC MOBILE GROUP SAS;MOVISTAR;SETROC;0
2021;3;PREPAGO;901104609;SETROC MOBILE GROUP SAS;MOVISTAR;SETROC;39189
2021;3;POSPAGO;901354361;PARTNERS TELECOM COLOMBIA SAS;WOM;WOM;674824
2021;3;PREPAGO;901354361;PARTNERS TELECOM COLOMBIA SAS;WOM;WOM;900379
2021;4;POSPAGO;900389508;ALMACENES EXITO INVERSIONES S.A.S.;TIGO;EXITO;0
2021;4;PREPAGO;900389508;ALMACENES EXITO INVERSIONES S.A.S.;TIGO;EXITO;1107478
2021;4;POSPAGO;830016046;AVANTEL S.A.S.;WOM;WOM;45546
2021;4;PREPAGO;830016046;AVANTEL S.A.S.;WOM;WOM;383271
2021;4;POSPAGO;830114921;COLOMBIA MOVIL S.A. E.S.P.;TIGO;TIGO;2821441
2021;4;PREPAGO;830114921;COLOMBIA MOVIL S.A. E.S.P.;TIGO;TIGO;11695605
2021;4;POSPAGO;830122566;COLOMBIA TELECOMUNICACIONES S.A. ESP;MOVISTAR;MOVISTAR;4984625
2021;4;PREPAGO;830122566;COLOMBIA TELECOMUNICACIONES S.A. ESP;MOVISTAR;MOVISTAR;13792471
2021;4;POSPAGO;800153993;COMUNICACION CELULAR S A COMCEL S A;COMCEL;COMCEL;8748884
2021;4;PREPAGO;800153993;COMUNICACION CELULAR S A COMCEL S A;COMCEL;COMCEL;26313067
2021;4;POSPAGO;899999115;EMPRESA DE TELECOMUNICACIONES DE BOGOTÁ S.A. ESP.;TIGO;ETB;130713
2021;4;PREPAGO;899999115;EMPRESA DE TELECOMUNICACIONES DE BOGOTÁ S.A. ESP.;TIGO;ETB;105247
2021;4;POSPAGO;901162121;LOGISTICA FLASH COLOMBIA S.A.S;TIGO;FLASH;0
2021;4;PREPAGO;901162121;LOGISTICA FLASH COLOMBIA S.A.S;TIGO;FLASH;175599
2021;4;POSPAGO;900973532;SUMA MOVIL SAS;TIGO;SUMA;0
2021;4;PREPAGO;900973532;SUMA MOVIL SAS;TIGO;SUMA;21074
2021;4;POSPAGO;900367669;UFF MOVIL SAS;TIGO;UFF;0
2021;4;PREPAGO;900367669;UFF MOVIL SAS;TIGO;UFF;0
2021;4;POSPAGO;900092385;UNE EPM TELECOMUNICACIONES S.A.;TIGO;UNE;0
2021;4;PREPAGO;900092385;UNE EPM TELECOMUNICACIONES S.A.;TIGO;UNE;0
2021;4;POSPAGO;900420122;VIRGIN MOBILE COLOMBIA S.A.S.;MOVISTAR;VIRGIN;0
2021;4;PREPAGO;900420122;VIRGIN MOBILE COLOMBIA S.A.S.;MOVISTAR;VIRGIN;2734135
2021;4;POSPAGO;901104609;SETROC MOBILE GROUP SAS;MOVISTAR;SETROC;0
2021;4;PREPAGO;901104609;SETROC MOBILE GROUP SAS;MOVISTAR;SETROC;45723
2021;4;POSPAGO;901354361;PARTNERS TELECOM COLOMBIA SAS;WOM;WOM;776372
2021;4;PREPAGO;901354361;PARTNERS TELECOM COLOMBIA SAS;WOM;WOM;1174860
2022;1;POSPAGO;900389508;ALMACENES EXITO INVERSIONES S.A.S.;TIGO;EXITO;0
2022;1;PREPAGO;900389508;ALMACENES EXITO INVERSIONES S.A.S.;TIGO;EXITO;1251017
2022;1;POSPAGO;830016046;AVANTEL S.A.S.;WOM;WOM;28688
2022;1;PREPAGO;830016046;AVANTEL S.A.S.;WOM;WOM;293769
2022;1;POSPAGO;830114921;COLOMBIA MOVIL S.A. E.S.P.;TIGO;TIGO;3079181
2022;1;PREPAGO;830114921;COLOMBIA MOVIL S.A. E.S.P.;TIGO;TIGO;11632312
2022;1;POSPAGO;830122566;COLOMBIA TELECOMUNICACIONES S.A. ESP;MOVISTAR;MOVISTAR;5107397
2022;1;PREPAGO;830122566;COLOMBIA TELECOMUNICACIONES S.A. ESP;MOVISTAR;MOVISTAR;13758842
2022;1;POSPAGO;800153993;COMUNICACION CELULAR S A COMCEL S A;COMCEL;COMCEL;9048114
2022;1;PREPAGO;800153993;COMUNICACION CELULAR S A COMCEL S A;COMCEL;COMCEL;26661706
2022;1;POSPAGO;899999115;EMPRESA DE TELECOMUNICACIONES DE BOGOTÁ S.A. ESP.;TIGO;ETB;130376
2022;1;PREPAGO;899999115;EMPRESA DE TELECOMUNICACIONES DE BOGOTÁ S.A. ESP.;TIGO;ETB;107845
2022;1;POSPAGO;901162121;LOGISTICA FLASH COLOMBIA S.A.S;TIGO;FLASH;0
2022;1;PREPAGO;901162121;LOGISTICA FLASH COLOMBIA S.A.S;TIGO;FLASH;169887
2022;1;POSPAGO;900973532;SUMA MOVIL SAS;TIGO;SUMA;0
2022;1;PREPAGO;900973532;SUMA MOVIL SAS;TIGO;SUMA;23905
2022;1;POSPAGO;900367669;UFF MOVIL SAS;TIGO;UFF;0
2022;1;PREPAGO;900367669;UFF MOVIL SAS;TIGO;UFF;0
2022;1;POSPAGO;900092385;UNE EPM TELECOMUNICACIONES S.A.;TIGO;UNE;0
2022;1;PREPAGO;900092385;UNE EPM TELECOMUNICACIONES S.A.;TIGO;UNE;0
2022;1;POSPAGO;900420122;VIRGIN MOBILE COLOMBIA S.A.S.;MOVISTAR;VIRGIN;0
2022;1;PREPAGO;900420122;VIRGIN MOBILE COLOMBIA S.A.S.;MOVISTAR;VIRGIN;2720683
2022;1;POSPAGO;901104609;SETROC MOBILE GROUP SAS;MOVISTAR;SETROC;0
2022;1;PREPAGO;901104609;SETROC MOBILE GROUP SAS;MOVISTAR;SETROC;48109
2022;1;POSPAGO;901354361;PARTNERS TELECOM COLOMBIA SAS;WOM;WOM;833479
2022;1;PREPAGO;901354361;PARTNERS TELECOM COLOMBIA SAS;WOM;WOM;1096548
2022;2;POSPAGO;900389508;ALMACENES EXITO INVERSIONES S.A.S.;TIGO;EXITO;0
2022;2;PREPAGO;900389508;ALMACENES EXITO INVERSIONES S.A.S.;TIGO;EXITO;1419121
2022;2;POSPAGO;830016046;AVANTEL S.A.S.;WOM;WOM;10330
2022;2;PREPAGO;830016046;AVANTEL S.A.S.;WOM;WOM;263444
2022;2;POSPAGO;830114921;COLOMBIA MOVIL S.A. E.S.P.;TIGO;TIGO;3310818
2022;2;PREPAGO;830114921;COLOMBIA MOVIL S.A. E.S.P.;TIGO;TIGO;11400679
2022;2;POSPAGO;830122566;COLOMBIA TELECOMUNICACIONES S.A. ESP;MOVISTAR;MOVISTAR;5204026
2022;2;PREPAGO;830122566;COLOMBIA TELECOMUNICACIONES S.A. ESP;MOVISTAR;MOVISTAR;14534038
2022;2;POSPAGO;800153993;COMUNICACION CELULAR S A COMCEL S A;COMCEL;COMCEL;9319713
2022;2;PREPAGO;800153993;COMUNICACION CELULAR S A COMCEL S A;COMCEL;COMCEL;27002170
2022;2;POSPAGO;899999115;EMPRESA DE TELECOMUNICACIONES DE BOGOTÁ S.A. ESP.;TIGO;ETB;122133
2022;2;PREPAGO;899999115;EMPRESA DE TELECOMUNICACIONES DE BOGOTÁ S.A. ESP.;TIGO;ETB;108134
2022;2;POSPAGO;901162121;LOGISTICA FLASH COLOMBIA S.A.S;TIGO;FLASH;0
2022;2;PREPAGO;901162121;LOGISTICA FLASH COLOMBIA S.A.S;TIGO;FLASH;165206
2022;2;POSPAGO;900973532;SUMA MOVIL SAS;TIGO;SUMA;0
2022;2;PREPAGO;900973532;SUMA MOVIL SAS;TIGO;SUMA;25159
2022;2;POSPAGO;900367669;UFF MOVIL SAS;TIGO;UFF;0
2022;2;PREPAGO;900367669;UFF MOVIL SAS;TIGO;UFF;0
2022;2;POSPAGO;900092385;UNE EPM TELECOMUNICACIONES S.A.;TIGO;UNE;0
2022;2;PREPAGO;900092385;UNE EPM TELECOMUNICACIONES S.A.;TIGO;UNE;0
2022;2;POSPAGO;900420122;VIRGIN MOBILE COLOMBIA S.A.S.;MOVISTAR;VIRGIN;0
2022;2;PREPAGO;900420122;VIRGIN MOBILE COLOMBIA S.A.S.;MOVISTAR;VIRGIN;2733347
2022;2;POSPAGO;901104609;SETROC MOBILE GROUP SAS;MOVISTAR;SETROC;0
2022;2;PREPAGO;901104609;SETROC MOBILE GROUP SAS;MOVISTAR;SETROC;20536
2022;2;POSPAGO;901354361;PARTNERS TELECOM COLOMBIA SAS;WOM;WOM;948927
2022;2;PREPAGO;901354361;PARTNERS TELECOM COLOMBIA SAS;WOM;WOM;1284863
2022;3;POSPAGO;900389508;ALMACENES EXITO INVERSIONES S.A.S.;TIGO;EXITO;0
2022;3;PREPAGO;900389508;ALMACENES EXITO INVERSIONES S.A.S.;TIGO;EXITO;1425973
2022;3;POSPAGO;830016046;AVANTEL S.A.S.;WOM;WOM;0
2022;3;PREPAGO;830016046;AVANTEL S.A.S.;WOM;WOM;0
2022;3;POSPAGO;830114921;COLOMBIA MOVIL S.A. E.S.P.;TIGO;TIGO;3214132
2022;3;PREPAGO;830114921;COLOMBIA MOVIL S.A. E.S.P.;TIGO;TIGO;11637573
2022;3;POSPAGO;830122566;COLOMBIA TELECOMUNICACIONES S.A. ESP;MOVISTAR;MOVISTAR;5399631
2022;3;PREPAGO;830122566;COLOMBIA TELECOMUNICACIONES S.A. ESP;MOVISTAR;MOVISTAR;14609338
2022;3;POSPAGO;800153993;COMUNICACION CELULAR S A COMCEL S A;COMCEL;COMCEL;9534908
2022;3;PREPAGO;800153993;COMUNICACION CELULAR S A COMCEL S A;COMCEL;COMCEL;27308810
2022;3;POSPAGO;899999115;EMPRESA DE TELECOMUNICACIONES DE BOGOTÁ S.A. ESP.;TIGO;ETB;132749
2022;3;PREPAGO;899999115;EMPRESA DE TELECOMUNICACIONES DE BOGOTÁ S.A. ESP.;TIGO;ETB;116022
2022;3;POSPAGO;901162121;LOGISTICA FLASH COLOMBIA S.A.S;TIGO;FLASH;0
2022;3;PREPAGO;901162121;LOGISTICA FLASH COLOMBIA S.A.S;TIGO;FLASH;159219
2022;3;POSPAGO;900973532;SUMA MOVIL SAS;TIGO;SUMA;0
2022;3;PREPAGO;900973532;SUMA MOVIL SAS;TIGO;SUMA;26528
2022;3;POSPAGO;900367669;UFF MOVIL SAS;TIGO;UFF;0
2022;3;PREPAGO;900367669;UFF MOVIL SAS;TIGO;UFF;0
2022;3;POSPAGO;900092385;UNE EPM TELECOMUNICACIONES S.A.;TIGO;UNE;0
2022;3;PREPAGO;900092385;UNE EPM TELECOMUNICACIONES S.A.;TIGO;UNE;0
2022;3;POSPAGO;900420122;VIRGIN MOBILE COLOMBIA S.A.S.;MOVISTAR;VIRGIN;0
2022;3;PREPAGO;900420122;VIRGIN MOBILE COLOMBIA S.A.S.;MOVISTAR;VIRGIN;2781862
2022;3;POSPAGO;901104609;SETROC MOBILE GROUP SAS;MOVISTAR;SETROC;0
2022;3;PREPAGO;901104609;SETROC MOBILE GROUP SAS;MOVISTAR;SETROC;20080
2022;3;POSPAGO;901354361;PARTNERS TELECOM COLOMBIA SAS;WOM;WOM;1095635
2022;3;PREPAGO;901354361;PARTNERS TELECOM COLOMBIA SAS;WOM;WOM;1578901
2022;3;POSPAGO;901470579;LOV TELECOMUNICACIONES SAS;TIGO;LOV;0
2022;3;PREPAGO;901470579;LOV TELECOMUNICACIONES SAS;TIGO;LOV;7009
2022;3;POSPAGO;830130125;CELLVOZ COLOMBIA SERVICIOS INTEGRALES S A E S P;TIGO;CELLVOZ;0
2022;3;PREPAGO;830130125;CELLVOZ COLOMBIA SERVICIOS INTEGRALES S A E S P;TIGO;CELLVOZ;587
2022;4;POSPAGO;900389508;ALMACENES EXITO INVERSIONES S.A.S.;TIGO;EXITO;0
2022;4;PREPAGO;900389508;ALMACENES EXITO INVERSIONES S.A.S.;TIGO;EXITO;1458616
2022;4;POSPAGO;830016046;AVANTEL S.A.S.;WOM;WOM;0
2022;4;PREPAGO;830016046;AVANTEL S.A.S.;WOM;WOM;0
2022;4;POSPAGO;830114921;COLOMBIA MOVIL S.A. E.S.P.;TIGO;TIGO;3263650
2022;4;PREPAGO;830114921;COLOMBIA MOVIL S.A. E.S.P.;TIGO;TIGO;11751292
2022;4;POSPAGO;830122566;COLOMBIA TELECOMUNICACIONES S.A. ESP;MOVISTAR;MOVISTAR;5439450
2022;4;PREPAGO;830122566;COLOMBIA TELECOMUNICACIONES S.A. ESP;MOVISTAR;MOVISTAR;15088339
2022;4;POSPAGO;800153993;COMUNICACION CELULAR S A COMCEL S A;COMCEL;COMCEL;9695106
2022;4;PREPAGO;800153993;COMUNICACION CELULAR S A COMCEL S A;COMCEL;COMCEL;27854848
2022;4;POSPAGO;899999115;EMPRESA DE TELECOMUNICACIONES DE BOGOTÁ S.A. ESP.;TIGO;ETB;139027
2022;4;PREPAGO;899999115;EMPRESA DE TELECOMUNICACIONES DE BOGOTÁ S.A. ESP.;TIGO;ETB;122495
2022;4;POSPAGO;901162121;LOGISTICA FLASH COLOMBIA S.A.S;TIGO;FLASH;0
2022;4;PREPAGO;901162121;LOGISTICA FLASH COLOMBIA S.A.S;TIGO;FLASH;149587
2022;4;POSPAGO;900973532;SUMA MOVIL SAS;TIGO;SUMA;0
2022;4;PREPAGO;900973532;SUMA MOVIL SAS;TIGO;SUMA;27110
2022;4;POSPAGO;900367669;UFF MOVIL SAS;TIGO;UFF;0
2022;4;PREPAGO;900367669;UFF MOVIL SAS;TIGO;UFF;0
2022;4;POSPAGO;900092385;UNE EPM TELECOMUNICACIONES S.A.;TIGO;UNE;0
2022;4;PREPAGO;900092385;UNE EPM TELECOMUNICACIONES S.A.;TIGO;UNE;0
2022;4;POSPAGO;900420122;VIRGIN MOBILE COLOMBIA S.A.S.;MOVISTAR;VIRGIN;0
2022;4;PREPAGO;900420122;VIRGIN MOBILE COLOMBIA S.A.S.;MOVISTAR;VIRGIN;2795676
2022;4;POSPAGO;901104609;SETROC MOBILE GROUP SAS;MOVISTAR;SETROC;0
2022;4;PREPAGO;901104609;SETROC MOBILE GROUP SAS;MOVISTAR;SETROC;16173
2022;4;POSPAGO;901354361;PARTNERS TELECOM COLOMBIA SAS;WOM;WOM;1339978
2022;4;PREPAGO;901354361;PARTNERS TELECOM COLOMBIA SAS;WOM;WOM;1661026
2022;4;POSPAGO;901470579;LOV TELECOMUNICACIONES SAS;TIGO;LOV;0
2022;4;PREPAGO;901470579;LOV TELECOMUNICACIONES SAS;TIGO;LOV;8067
2022;4;POSPAGO;830130125;CELLVOZ COLOMBIA SERVICIOS INTEGRALES S A E S P;TIGO;CELLVOZ;0
2022;4;PREPAGO;830130125;CELLVOZ COLOMBIA SERVICIOS INTEGRALES S A E S P;TIGO;CELLVOZ;1725
2023;1;POSPAGO;900389508;ALMACENES EXITO INVERSIONES S.A.S.;TIGO;EXITO;0
2023;1;PREPAGO;900389508;ALMACENES EXITO INVERSIONES S.A.S.;TIGO;EXITO;1665579
2023;1;POSPAGO;830016046;AVANTEL S.A.S.;WOM;WOM;0
2023;1;PREPAGO;830016046;AVANTEL S.A.S.;WOM;WOM;0
2023;1;POSPAGO;830114921;COLOMBIA MOVIL S.A. E.S.P.;TIGO;TIGO;3447006
2023;1;PREPAGO;830114921;COLOMBIA MOVIL S.A. E.S.P.;TIGO;TIGO;11621504
2023;1;POSPAGO;830122566;COLOMBIA TELECOMUNICACIONES S.A. ESP;MOVISTAR;MOVISTAR;5475174
2023;1;PREPAGO;830122566;COLOMBIA TELECOMUNICACIONES S.A. ESP;MOVISTAR;MOVISTAR;15088235
2023;1;POSPAGO;800153993;COMUNICACION CELULAR S A COMCEL S A;COMCEL;COMCEL;9858903
2023;1;PREPAGO;800153993;COMUNICACION CELULAR S A COMCEL S A;COMCEL;COMCEL;28208948
2023;1;POSPAGO;899999115;EMPRESA DE TELECOMUNICACIONES DE BOGOTÁ S.A. ESP.;TIGO;ETB;154112
2023;1;PREPAGO;899999115;EMPRESA DE TELECOMUNICACIONES DE BOGOTÁ S.A. ESP.;TIGO;ETB;117877
2023;1;POSPAGO;901162121;LOGISTICA FLASH COLOMBIA S.A.S;TIGO;FLASH;0
2023;1;PREPAGO;901162121;LOGISTICA FLASH COLOMBIA S.A.S;TIGO;FLASH;139413
2023;1;POSPAGO;900973532;SUMA MOVIL SAS;TIGO;SUMA;0
2023;1;PREPAGO;900973532;SUMA MOVIL SAS;TIGO;SUMA;28527
2023;1;POSPAGO;900367669;UFF MOVIL SAS;TIGO;UFF;0
2023;1;PREPAGO;900367669;UFF MOVIL SAS;TIGO;UFF;0
2023;1;POSPAGO;900092385;UNE EPM TELECOMUNICACIONES S.A.;TIGO;UNE;0
2023;1;PREPAGO;900092385;UNE EPM TELECOMUNICACIONES S.A.;TIGO;UNE;0
2023;1;POSPAGO;900420122;VIRGIN MOBILE COLOMBIA S.A.S.;MOVISTAR;VIRGIN;0
2023;1;PREPAGO;900420122;VIRGIN MOBILE COLOMBIA S.A.S.;MOVISTAR;VIRGIN;2799349
2023;1;POSPAGO;901104609;SETROC MOBILE GROUP SAS;MOVISTAR;SETROC;0
2023;1;PREPAGO;901104609;SETROC MOBILE GROUP SAS;MOVISTAR;SETROC;10513
2023;1;POSPAGO;901354361;PARTNERS TELECOM COLOMBIA SAS;WOM;WOM;1488652
2023;1;PREPAGO;901354361;PARTNERS TELECOM COLOMBIA SAS;WOM;WOM;2055179
2023;1;POSPAGO;901470579;LOV TELECOMUNICACIONES SAS;TIGO;LOV;0
2023;1;PREPAGO;901470579;LOV TELECOMUNICACIONES SAS;TIGO;LOV;9334
2023;1;POSPAGO;830130125;CELLVOZ COLOMBIA SERVICIOS INTEGRALES S A E S P;TIGO;CELLVOZ;0
2023;1;PREPAGO;830130125;CELLVOZ COLOMBIA SERVICIOS INTEGRALES S A E S P;TIGO;CELLVOZ;2868
2023;2;POSPAGO;900389508;ALMACENES EXITO INVERSIONES S.A.S.;TIGO;EXITO;0
2023;2;PREPAGO;900389508;ALMACENES EXITO INVERSIONES S.A.S.;TIGO;EXITO;1717073
2023;2;POSPAGO;830016046;AVANTEL S.A.S.;WOM;WOM;0
2023;2;PREPAGO;830016046;AVANTEL S.A.S.;WOM;WOM;0
2023;2;POSPAGO;830114921;COLOMBIA MOVIL S.A. E.S.P.;TIGO;TIGO;3589610
2023;2;PREPAGO;830114921;COLOMBIA MOVIL S.A. E.S.P.;TIGO;TIGO;11578344
2023;2;POSPAGO;830122566;COLOMBIA TELECOMUNICACIONES S.A. ESP;MOVISTAR;MOVISTAR;5548057
2023;2;PREPAGO;830122566;COLOMBIA TELECOMUNICACIONES S.A. ESP;MOVISTAR;MOVISTAR;15528960
2023;2;POSPAGO;800153993;COMUNICACION CELULAR S A COMCEL S A;COMCEL;COMCEL;10030026
2023;2;PREPAGO;800153993;COMUNICACION CELULAR S A COMCEL S A;COMCEL;COMCEL;28393869
2023;2;POSPAGO;899999115;EMPRESA DE TELECOMUNICACIONES DE BOGOTÁ S.A. ESP.;TIGO;ETB;174295
2023;2;PREPAGO;899999115;EMPRESA DE TELECOMUNICACIONES DE BOGOTÁ S.A. ESP.;TIGO;ETB;120916
2023;2;POSPAGO;901162121;LOGISTICA FLASH COLOMBIA S.A.S;TIGO;FLASH;0
2023;2;PREPAGO;901162121;LOGISTICA FLASH COLOMBIA S.A.S;TIGO;FLASH;133975
2023;2;POSPAGO;900973532;SUMA MOVIL SAS;TIGO;SUMA;0
2023;2;PREPAGO;900973532;SUMA MOVIL SAS;TIGO;SUMA;32029
2023;2;POSPAGO;900367669;UFF MOVIL SAS;TIGO;UFF;0
2023;2;PREPAGO;900367669;UFF MOVIL SAS;TIGO;UFF;0
2023;2;POSPAGO;900092385;UNE EPM TELECOMUNICACIONES S.A.;TIGO;UNE;0
2023;2;PREPAGO;900092385;UNE EPM TELECOMUNICACIONES S.A.;TIGO;UNE;0
2023;2;POSPAGO;900420122;VIRGIN MOBILE COLOMBIA S.A.S.;MOVISTAR;VIRGIN;0
2023;2;PREPAGO;900420122;VIRGIN MOBILE COLOMBIA S.A.S.;MOVISTAR;VIRGIN;2816678
2023;2;POSPAGO;901104609;SETROC MOBILE GROUP SAS;MOVISTAR;SETROC;0
2023;2;PREPAGO;901104609;SETROC MOBILE GROUP SAS;MOVISTAR;SETROC;226
2023;2;POSPAGO;901354361;PARTNERS TELECOM COLOMBIA SAS;WOM;WOM;1651626
2023;2;PREPAGO;901354361;PARTNERS TELECOM COLOMBIA SAS;WOM;WOM;1987968
2023;2;POSPAGO;901470579;LOV TELECOMUNICACIONES SAS;TIGO;LOV;0
2023;2;PREPAGO;901470579;LOV TELECOMUNICACIONES SAS;TIGO;LOV;11071
2023;2;POSPAGO;830130125;CELLVOZ COLOMBIA SERVICIOS INTEGRALES S A E S P;TIGO;CELLVOZ;0
2023;2;PREPAGO;830130125;CELLVOZ COLOMBIA SERVICIOS INTEGRALES S A E S P;TIGO;CELLVOZ;3618
2023;3;POSPAGO;900389508;ALMACENES EXITO INVERSIONES S.A.S.;TIGO;EXITO;0
2023;3;PREPAGO;900389508;ALMACENES EXITO INVERSIONES S.A.S.;TIGO;EXITO;1887890
2023;3;POSPAGO;830114921;COLOMBIA MOVIL S.A. E.S.P.;TIGO;TIGO;3754058
2023;3;PREPAGO;830114921;COLOMBIA MOVIL S.A. E.S.P.;TIGO;TIGO;11275395
2023;3;POSPAGO;830122566;COLOMBIA TELECOMUNICACIONES S.A. ESP;MOVISTAR;MOVISTAR;5514447
2023;3;PREPAGO;830122566;COLOMBIA TELECOMUNICACIONES S.A. ESP;MOVISTAR;MOVISTAR;15869681
2023;3;POSPAGO;800153993;COMUNICACION CELULAR S A COMCEL S A;COMCEL;COMCEL;10134039
2023;3;PREPAGO;800153993;COMUNICACION CELULAR S A COMCEL S A;COMCEL;COMCEL;28567089
2023;3;POSPAGO;899999115;EMPRESA DE TELECOMUNICACIONES DE BOGOTÁ S.A. ESP.;TIGO;ETB;193417
2023;3;PREPAGO;899999115;EMPRESA DE TELECOMUNICACIONES DE BOGOTÁ S.A. ESP.;TIGO;ETB;121479
2023;3;POSPAGO;901162121;LOGISTICA FLASH COLOMBIA S.A.S;TIGO;FLASH;0
2023;3;PREPAGO;901162121;LOGISTICA FLASH COLOMBIA S.A.S;TIGO;FLASH;129438
2023;3;POSPAGO;900973532;SUMA MOVIL SAS;TIGO;SUMA;0
2023;3;PREPAGO;900973532;SUMA MOVIL SAS;TIGO;SUMA;37307
2023;3;POSPAGO;900420122;VIRGIN MOBILE COLOMBIA S.A.S.;MOVISTAR;VIRGIN;0
2023;3;PREPAGO;900420122;VIRGIN MOBILE COLOMBIA S.A.S.;MOVISTAR;VIRGIN;2831690
2023;3;POSPAGO;901354361;PARTNERS TELECOM COLOMBIA SAS;WOM;WOM;1888009
2023;3;PREPAGO;901354361;PARTNERS TELECOM COLOMBIA SAS;WOM;WOM;2788708
2023;3;POSPAGO;901470579;LOV TELECOMUNICACIONES SAS;TIGO;LOV;0
2023;3;PREPAGO;901470579;LOV TELECOMUNICACIONES SAS;TIGO;LOV;10758
2023;3;POSPAGO;830130125;CELLVOZ COLOMBIA SERVICIOS INTEGRALES S A E S P;TIGO;CELLVOZ;0
2023;3;PREPAGO;830130125;CELLVOZ COLOMBIA SERVICIOS INTEGRALES S A E S P;TIGO;CELLVOZ;4447
2023;4;POSPAGO;900389508;ALMACENES EXITO INVERSIONES S.A.S.;TIGO;EXITO;0
2023;4;PREPAGO;900389508;ALMACENES EXITO INVERSIONES S.A.S.;TIGO;EXITO;2138191
2023;4;POSPAGO;830114921;COLOMBIA MOVIL S.A. E.S.P.;TIGO;TIGO;3944757
2023;4;PREPAGO;830114921;COLOMBIA MOVIL S.A. E.S.P.;TIGO;TIGO;11256698
2023;4;POSPAGO;830122566;COLOMBIA TELECOMUNICACIONES S.A. ESP;MOVISTAR;MOVISTAR;5430744
2023;4;PREPAGO;830122566;COLOMBIA TELECOMUNICACIONES S.A. ESP;MOVISTAR;MOVISTAR;16000551
2023;4;POSPAGO;800153993;COMUNICACION CELULAR S A COMCEL S A;COMCEL;COMCEL;10216679
2023;4;PREPAGO;800153993;COMUNICACION CELULAR S A COMCEL S A;COMCEL;COMCEL;29022929
2023;4;POSPAGO;899999115;EMPRESA DE TELECOMUNICACIONES DE BOGOTÁ S.A. ESP.;TIGO;ETB;195809
2023;4;PREPAGO;899999115;EMPRESA DE TELECOMUNICACIONES DE BOGOTÁ S.A. ESP.;TIGO;ETB;117589
2023;4;POSPAGO;901162121;LOGISTICA FLASH COLOMBIA S.A.S;TIGO;FLASH;0
2023;4;PREPAGO;901162121;LOGISTICA FLASH COLOMBIA S.A.S;TIGO;FLASH;127195
2023;4;POSPAGO;900973532;SUMA MOVIL SAS;TIGO;SUMA;0
2023;4;PREPAGO;900973532;SUMA MOVIL SAS;TIGO;SUMA;40965
2023;4;POSPAGO;900420122;VIRGIN MOBILE COLOMBIA S.A.S.;MOVISTAR;VIRGIN;0
2023;4;PREPAGO;900420122;VIRGIN MOBILE COLOMBIA S.A.S.;MOVISTAR;VIRGIN;2927587
2023;4;POSPAGO;901354361;PARTNERS TELECOM COLOMBIA SAS;WOM;WOM;2037458
2023;4;PREPAGO;901354361;PARTNERS TELECOM COLOMBIA SAS;WOM;WOM;3892497
2023;4;POSPAGO;901470579;LOV TELECOMUNICACIONES SAS;TIGO;LOV;0
2023;4;PREPAGO;901470579;LOV TELECOMUNICACIONES SAS;TIGO;LOV;11006
2023;4;POSPAGO;830130125;CELLVOZ COLOMBIA SERVICIOS INTEGRALES S A E S P;TIGO;CELLVOZ;0
2023;4;PREPAGO;830130125;CELLVOZ COLOMBIA SERVICIOS INTEGRALES S A E S P;TIGO;CELLVOZ;5261
2024;1;POSPAGO;900389508;ALMACENES EXITO INVERSIONES S.A.S.;TIGO;EXITO;0
2024;1;PREPAGO;900389508;ALMACENES EXITO INVERSIONES S.A.S.;TIGO;EXITO;2008221
2024;1;POSPAGO;830114921;COLOMBIA MOVIL S.A. E.S.P.;TIGO;TIGO;4034107
2024;1;PREPAGO;830114921;COLOMBIA MOVIL S.A. E.S.P.;TIGO;TIGO;11042361
2024;1;POSPAGO;830122566;COLOMBIA TELECOMUNICACIONES S.A. ESP;MOVISTAR;MOVISTAR;5318682
2024;1;PREPAGO;830122566;COLOMBIA TELECOMUNICACIONES S.A. ESP;MOVISTAR;MOVISTAR;15389235
2024;1;POSPAGO;800153993;COMUNICACION CELULAR S A COMCEL S A;COMCEL;COMCEL;10342771
2024;1;PREPAGO;800153993;COMUNICACION CELULAR S A COMCEL S A;COMCEL;COMCEL;29401131
2024;1;POSPAGO;899999115;EMPRESA DE TELECOMUNICACIONES DE BOGOTÁ S.A. ESP.;TIGO;ETB;194886
2024;1;PREPAGO;899999115;EMPRESA DE TELECOMUNICACIONES DE BOGOTÁ S.A. ESP.;TIGO;ETB;111447
2024;1;POSPAGO;901162121;LOGISTICA FLASH COLOMBIA S.A.S;TIGO;FLASH;0
2024;1;PREPAGO;901162121;LOGISTICA FLASH COLOMBIA S.A.S;TIGO;FLASH;125090
2024;1;POSPAGO;900973532;SUMA MOVIL SAS;TIGO;SUMA;0
2024;1;PREPAGO;900973532;SUMA MOVIL SAS;TIGO;SUMA;45459
2024;1;POSPAGO;900420122;VIRGIN MOBILE COLOMBIA S.A.S.;MOVISTAR;VIRGIN;0
2024;1;PREPAGO;900420122;VIRGIN MOBILE COLOMBIA S.A.S.;MOVISTAR;VIRGIN;3013619
2024;1;POSPAGO;901354361;PARTNERS TELECOM COLOMBIA SAS;WOM;WOM;2059007
2024;1;PREPAGO;901354361;PARTNERS TELECOM COLOMBIA SAS;WOM;WOM;4554651
2024;1;POSPAGO;901470579;LOV TELECOMUNICACIONES SAS;TIGO;LOV;0
2024;1;PREPAGO;901470579;LOV TELECOMUNICACIONES SAS;TIGO;LOV;11099
2024;1;POSPAGO;830130125;CELLVOZ COLOMBIA SERVICIOS INTEGRALES S A E S P;TIGO;CELLVOZ;0
2024;1;PREPAGO;830130125;CELLVOZ COLOMBIA SERVICIOS INTEGRALES S A E S P;TIGO;CELLVOZ;5840
2024;2;POSPAGO;900389508;ALMACENES EXITO INVERSIONES S.A.S.;TIGO;EXITO;0
2024;2;PREPAGO;900389508;ALMACENES EXITO INVERSIONES S.A.S.;TIGO;EXITO;2167264
2024;2;POSPAGO;830114921;COLOMBIA MOVIL S.A. E.S.P.;TIGO;TIGO;4168961
2024;2;PREPAGO;830114921;COLOMBIA MOVIL S.A. E.S.P.;TIGO;TIGO;10974372
2024;2;POSPAGO;830122566;COLOMBIA TELECOMUNICACIONES S.A. ESP;MOVISTAR;MOVISTAR;5238038
2024;2;PREPAGO;830122566;COLOMBIA TELECOMUNICACIONES S.A. ESP;MOVISTAR;MOVISTAR;15747330
2024;2;POSPAGO;800153993;COMUNICACION CELULAR S A COMCEL S A;COMCEL;COMCEL;10525517
2024;2;PREPAGO;800153993;COMUNICACION CELULAR S A COMCEL S A;COMCEL;COMCEL;29661675
2024;2;POSPAGO;899999115;EMPRESA DE TELECOMUNICACIONES DE BOGOTÁ S.A. ESP.;TIGO;ETB;195777
2024;2;PREPAGO;899999115;EMPRESA DE TELECOMUNICACIONES DE BOGOTÁ S.A. ESP.;TIGO;ETB;109313
2024;2;POSPAGO;901162121;LOGISTICA FLASH COLOMBIA S.A.S;TIGO;FLASH;0
2024;2;PREPAGO;901162121;LOGISTICA FLASH COLOMBIA S.A.S;TIGO;FLASH;129893
2024;2;POSPAGO;900973532;SUMA MOVIL SAS;TIGO;SUMA;0
2024;2;PREPAGO;900973532;SUMA MOVIL SAS;TIGO;SUMA;48902
2024;2;POSPAGO;900420122;VIRGIN MOBILE COLOMBIA S.A.S.;MOVISTAR;VIRGIN;0
2024;2;PREPAGO;900420122;VIRGIN MOBILE COLOMBIA S.A.S.;MOVISTAR;VIRGIN;3048460
2024;2;POSPAGO;901354361;PARTNERS TELECOM COLOMBIA SAS;WOM;WOM;2007016
2024;2;PREPAGO;901354361;PARTNERS TELECOM COLOMBIA SAS;WOM;WOM;4937272
2024;2;POSPAGO;901470579;LOV TELECOMUNICACIONES SAS;TIGO;LOV;0
2024;2;PREPAGO;901470579;LOV TELECOMUNICACIONES SAS;TIGO;LOV;11425
2024;2;POSPAGO;830130125;CELLVOZ COLOMBIA SERVICIOS INTEGRALES S A E S P;TIGO;CELLVOZ;0
2024;2;PREPAGO;830130125;CELLVOZ COLOMBIA SERVICIOS INTEGRALES S A E S P;TIGO;CELLVOZ;6802
2024;3;POSPAGO;900389508;ALMACENES EXITO INVERSIONES S.A.S.;TIGO;EXITO;0
2024;3;PREPAGO;900389508;ALMACENES EXITO INVERSIONES S.A.S.;TIGO;EXITO;2286603
2024;3;POSPAGO;830114921;COLOMBIA MOVIL S.A. E.S.P.;TIGO;TIGO;4435411
2024;3;PREPAGO;830114921;COLOMBIA MOVIL S.A. E.S.P.;TIGO;TIGO;11546336
2024;3;POSPAGO;830122566;COLOMBIA TELECOMUNICACIONES S.A. ESP;MOVISTAR;MOVISTAR;5174341
2024;3;PREPAGO;830122566;COLOMBIA TELECOMUNICACIONES S.A. ESP;MOVISTAR;MOVISTAR;15622047
2024;3;POSPAGO;800153993;COMUNICACION CELULAR S A COMCEL S A;COMCEL;COMCEL;10684459
2024;3;PREPAGO;800153993;COMUNICACION CELULAR S A COMCEL S A;COMCEL;COMCEL;29912791
2024;3;POSPAGO;899999115;EMPRESA DE TELECOMUNICACIONES DE BOGOTÁ S.A. ESP.;TIGO;ETB;191722
2024;3;PREPAGO;899999115;EMPRESA DE TELECOMUNICACIONES DE BOGOTÁ S.A. ESP.;TIGO;ETB;110513
2024;3;POSPAGO;901162121;LOGISTICA FLASH COLOMBIA S.A.S;TIGO;FLASH;0
2024;3;PREPAGO;901162121;LOGISTICA FLASH COLOMBIA S.A.S;TIGO;FLASH;131140
2024;3;POSPAGO;900973532;SUMA MOVIL SAS;TIGO;SUMA;0
2024;3;PREPAGO;900973532;SUMA MOVIL SAS;TIGO;SUMA;49698
2024;3;POSPAGO;900420122;VIRGIN MOBILE COLOMBIA S.A.S.;MOVISTAR;VIRGIN;0
2024;3;PREPAGO;900420122;VIRGIN MOBILE COLOMBIA S.A.S.;MOVISTAR;VIRGIN;3093407
2024;3;POSPAGO;901354361;PARTNERS TELECOM COLOMBIA SAS;WOM;WOM;1913504
2024;3;PREPAGO;901354361;PARTNERS TELECOM COLOMBIA SAS;WOM;WOM;5290473
2024;3;POSPAGO;901470579;LOV TELECOMUNICACIONES SAS;TIGO;LOV;0
2024;3;PREPAGO;901470579;LOV TELECOMUNICACIONES SAS;TIGO;LOV;11809
2024;3;POSPAGO;830130125;CELLVOZ COLOMBIA SERVICIOS INTEGRALES S A E S P;TIGO;CELLVOZ;0
2024;3;PREPAGO;830130125;CELLVOZ COLOMBIA SERVICIOS INTEGRALES S A E S P;TIGO;CELLVOZ;7931
2024;4;POSPAGO;900389508;ALMACENES EXITO INVERSIONES S.A.S.;TIGO;EXITO;0
2024;4;PREPAGO;900389508;ALMACENES EXITO INVERSIONES S.A.S.;TIGO;EXITO;2155453
2024;4;POSPAGO;830114921;COLOMBIA MOVIL S.A. E.S.P.;TIGO;TIGO;4640592
2024;4;PREPAGO;830114921;COLOMBIA MOVIL S.A. E.S.P.;TIGO;TIGO;12059357
2024;4;POSPAGO;830122566;COLOMBIA TELECOMUNICACIONES S.A. ESP;MOVISTAR;MOVISTAR;5134307
2024;4;PREPAGO;830122566;COLOMBIA TELECOMUNICACIONES S.A. ESP;MOVISTAR;MOVISTAR;15638053
2024;4;POSPAGO;800153993;COMUNICACION CELULAR S A COMCEL S A;COMCEL;COMCEL;10862116
2024;4;PREPAGO;800153993;COMUNICACION CELULAR S A COMCEL S A;COMCEL;COMCEL;30090666
2024;4;POSPAGO;899999115;EMPRESA DE TELECOMUNICACIONES DE BOGOTÁ S.A. ESP.;TIGO;ETB;140506
2024;4;PREPAGO;899999115;EMPRESA DE TELECOMUNICACIONES DE BOGOTÁ S.A. ESP.;TIGO;ETB;108158
2024;4;POSPAGO;901162121;LOGISTICA FLASH COLOMBIA S.A.S;TIGO;FLASH;0
2024;4;PREPAGO;901162121;LOGISTICA FLASH COLOMBIA S.A.S;TIGO;FLASH;127456
2024;4;POSPAGO;900973532;SUMA MOVIL SAS;TIGO;SUMA;0
2024;4;PREPAGO;900973532;SUMA MOVIL SAS;TIGO;SUMA;49546
2024;4;POSPAGO;900420122;VIRGIN MOBILE COLOMBIA S.A.S.;MOVISTAR;VIRGIN;0
2024;4;PREPAGO;900420122;VIRGIN MOBILE COLOMBIA S.A.S.;MOVISTAR;VIRGIN;3130166
2024;4;POSPAGO;901354361;PARTNERS TELECOM COLOMBIA SAS;WOM;WOM;1937221
2024;4;PREPAGO;901354361;PARTNERS TELECOM COLOMBIA SAS;WOM;WOM;5950631
2024;4;POSPAGO;901470579;LOV TELECOMUNICACIONES SAS;TIGO;LOV;38424
2024;4;PREPAGO;901470579;LOV TELECOMUNICACIONES SAS;TIGO;LOV;0
2024;4;POSPAGO;830130125;CELLVOZ COLOMBIA SERVICIOS INTEGRALES S A E S P;TIGO;CELLVOZ;0
2024;4;PREPAGO;830130125;CELLVOZ COLOMBIA SERVICIOS INTEGRALES S A E S P;TIGO;CELLVOZ;8975
2024;4;POSPAGO;901502026;PLINTRON COLOMBIA SAS;TIGO;PLINTRON;0
2024;4;PREPAGO;901502026;PLINTRON COLOMBIA SAS;TIGO;PLINTRON;511
